GENE,GWAS,LOC_NUM,Expression,Adjacency,Module Membership
ADAM15,META5,1,Skin Suprapubic;Skin Lower Leg,,
ADAR,META5,1,Lymphocytes Cells,,
AQP10,META5,1,Spleen;Whole Blood,,
ARHGEF2,META5,1,Lung,,
ASH1L,META5,1,Cerebral Hemisphere;  Cerebellum,,
ATP8B2,META5,1,Aorta Artery;Uterus,,
C1orf189,META5,1,Testis,,
C1orf43,META5,1,Skeletal Muscle,,
CHRNB2,META5,1,Anterior Cingulate Cortex;Cortex;Frontal cortex,Amygdala;Anterior Cingulate Cortex;Cortex;Frontal Cortex;Hypothalamus;Nucleus Accumbens;Spinal cord;Substantia nigra;Sigmoid Colon,Amygdala;Anterior Cingulate Cortex;Caudate;Cortex;Frontal cortex;Hippocampus;Hypothalamus;Spinal cord;Substantia nigra;Pituitary
CKS1B,META5,1,Lymphocytes Cells,Esophagus Mucosa,
CLK2,META5,1,Pituitary;Spleen;Thyroid,,
CREB3L4,META5,1,Breast; Prostate,,
CRTC2,META5,1,Spleen;Whole Blood,,
DAP3,META5,1,Adrenal Gland;Lymphocytes Cells;Skeletal Muscle,,
DCST1,META5,1,Skin Suprapubic;Skin Lower Leg;Testis,Breast;Transverse Colon;Prostate;Testis;Uterus,Breast;Esophagus Mucosa;Skin Suprapubic;Skin Lower Leg;Testis;Uterus
DCST2,META5,1,Skin Suprapubic;Testis,Prostate,
DENND4B,META5,1,  Cerebellum;Spleen,,
DPM3,META5,1,Adrenal Gland;Pituitary,Thyroid,
EFNA1,META5,1,Liver,,
EFNA3,META5,1,Skin Suprapubic;Skin Lower Leg,Amygdala;Anterior Cingulate Cortex;Caudate;Cortex;Frontal Cortex;Hypothalamus;Nucleus Accumbens;Putamen;Vagina,Amygdala;Anterior Cingulate Cortex;Caudate;Cortex;Frontal cortex;Esophagus Mucosa;Skin Lower Leg;Vagina
EFNA4,META5,1,Skin Suprapubic;Skin Lower Leg,Breast,
FAM189B,META5,1,Cerebral Hemisphere;  Cerebellum,,
FDPS,META5,1,Adrenal Gland;Lymphocytes Cells,,
FLAD1,META5,1,Skin Suprapubic;Skin Lower Leg;Spleen,,
GBA,META5,1,Pituitary;Whole Blood,,
GON4L,META5,1,Tibial Nerve,,
HAX1,META5,1,Heart Left Ventricle;Pituitary,,
HCN3,META5,1,Cerebral Hemisphere;  Cerebellum,,
IL6R,META5,1,Skeletal Muscle;Whole Blood,Skeletal Muscle,
JTB,META5,1,Pituitary,,
KCNN3,META5,1,Caudate;Nucleus Accumbens;Lymphocytes Cells,Esophagogastric Junction,
KHDC4,META5,1,Ovary;Pituitary,,
LAMTOR2,META5,1,Adrenal Gland;Fibroblasts Cells;Liver,,
LENEP,META5,1,Thyroid,,
LMNA,META5,1,Fibroblasts Cells;Skin Suprapubic;Skin Lower Leg,,
MEX3A,META5,1,Ovary;Uterus,Ovary;Uterus,
MSTO1,META5,1,Testis,,
MTX1,META5,1,Testis;Whole Blood,,
MUC1,META5,1,Lung;Stomach,Breast,
NUP210L,META5,1,Testis,,
PBXIP1,META5,1,Pituitary,,
PKLR,META5,1,Liver;Small Intestine,,
PMF1,META5,1, Prostate;Spleen;Thyroid,,
PMVK,META5,1,Pituitary;Skin Suprapubic,,
PYGO2,META5,1,Pituitary;Thyroid,,
RAB13,META5,1,Fibroblasts Cells,,
RAB25,META5,1,Esophagus Mucosa,Transverse Colon;Pancreas;Prostate;Small Intestine;Stomach;Vagina,Prostate;Skin Suprapubic;Skin Lower Leg;Small Intestine;Stomach;Uterus;Vagina
RIT1,META5,1,Lymphocytes Cells;Whole Blood,,
RPS27,META5,1,Ovary,,
RUSC1,META5,1,Cerebral Hemisphere;  Cerebellum,,
RXFP4,META5,1,Transverse Colon;Small Intestine,,
SCAMP3,META5,1,Adrenal Gland,,
SEMA4A,META5,1,Lymphocytes Cells;Whole Blood,Breast;Prostate,
SHC1,META5,1,Fibroblasts Cells,,
SHE,META5,1,Testis;Thyroid,Tibial Artery;Skin Suprapubic,
SLC25A44,META5,1,Whole Blood,,
SLC39A1,META5,1,Lung,,
SLC50A1,META5,1,Adrenal Gland;Lymphocytes Cells;Transverse Colon,,
SSR2,META5,1,Adrenal Gland;Ovary;Pancreas,,
SYT11,META5,1,Cortex;Frontal cortex,,
TDRD10,META5,1,Testis,,
THBS3,META5,1,Uterus,,
TPM3,META5,1,Skeletal Muscle,,
TRIM46,META5,1,Cerebral Hemisphere;  Cerebellum,,
UBAP2L,META5,1,Lymphocytes Cells;Testis,,
UBE2Q1,META5,1,Pituitary;Testis,,
UBQLN4,META5,1,,,
YY1AP1,META5,1,Testis,,
ZBTB7B,META5,1,Skin Suprapubic;Skin Lower Leg;Small Intestine;Whole Blood,,
ADAMTS4,META5,2,Visceral Adipose;Ovary,,
APOA2,META5,2,Liver,,
ARHGAP30,META5,2,Lymphocytes Cells;Spleen;Whole Blood,Aorta Artery,
ATF6,META5,2,Whole Blood,,
B4GALT3,META5,2,Pituitary;Spleen,,
C1orf226,META5,2,  Cerebellum;Pituitary,,
CD244,META5,2,Lymphocytes Cells;Spleen;Whole Blood,Adipose Subcutaneous;Visceral Adipose;Lymphocytes Cells;Transverse Colon;Lung;Small Intestine;Whole Blood,Adipose Subcutaneous;Visceral Adipose;Lymphocytes Cells;Transverse Colon;Liver;Lung;Prostate;Small Intestine;Spleen;Vagina;Whole Blood
CD48,META5,2,Lymphocytes Cells;Spleen;Whole Blood,Aorta Artery;Small Intestine;Thyroid,
CD84,META5,2,Lymphocytes Cells;Spleen,Coronary Artery,
CFAP126,META5,2,Hypothalamus;Testis,,
DEDD,META5,2,Testis;Whole Blood,,
DUSP12,META5,2,Cerebral Hemisphere;  Cerebellum;Lymphocytes Cells;Fibroblasts Cells,,
FCER1G,META5,2,Spleen;Whole Blood,,
FCGR2A,META5,2,Whole Blood,,
FCGR2B,META5,2,Lymphocytes Cells;Spleen,Coronary Artery;Small Intestine,
FCGR3A,META5,2,Spleen;Whole Blood,Aorta Artery,
FCGR3B,META5,2,Spleen;Whole Blood,Aorta Artery;Coronary Artery,Visceral Adipose;Adrenal Gland;Heart Atrial Appendage;Lung;Spleen;Whole Blood
FCRLA,META5,2,Lymphocytes Cells;Small Intestine;Spleen,,
FCRLB,META5,2,Lymphocytes Cells;Tibial Nerve,Small Intestine,Prostate;Small Intestine
HSPA6,META5,2,Whole Blood,,
ITLN1,META5,2,Visceral Adipose,Visceral Adipose;Transverse Colon;Ovary;Pituitary;Small Intestine;Stomach,Visceral Adipose;Transverse Colon;Heart Atrial Appendage;Small Intestine
ITLN2,META5,2,Visceral Adipose;Lung;Small Intestine,Visceral Adipose;Coronary Artery;Lung;Ovary;Small Intestine;Testis,Visceral Adipose;Coronary Artery;Lung;Small Intestine
KLHDC9,META5,2,Testis,,
LY9,META5,2,Lymphocytes Cells;Spleen;Whole Blood,Adipose Subcutaneous;Lymphocytes Cells;Small Intestine;Spleen;Thyroid;Whole Blood,Adipose Subcutaneous;Visceral Adipose;Lymphocytes Cells;Lung;Prostate;Small Intestine;Spleen;Stomach;Thyroid;Vagina;Whole Blood
MPZ,META5,2,Tibial Nerve,,
NDUFS2,META5,2,Heart Left Ventricle;Skeletal Muscle,,
NECTIN4,META5,2,Skin Suprapubic;Skin Lower Leg,Pancreas;Prostate;Small Intestine;Stomach;Vagina,Esophagus Mucosa;Lung;Prostate;Skin Lower Leg;Small Intestine;Stomach;Testis;Vagina
NIT1,META5,2,Adrenal Gland;Small Intestine,,
NOS1AP,META5,2,Cerebral Hemisphere;  Cerebellum;Frontal cortex,,Frontal cortex
NR1I3,META5,2,Nucleus Accumbens;Liver,Anterior Cingulate Cortex;Caudate;Cortex;Frontal Cortex;Nucleus Accumbens;Putamen;Liver,Caudate;Cerebral Hemisphere;Nucleus Accumbens;Putamen;Liver;Pituitary
OLFML2B,META5,2,Coronary Artery;Tibial Artery,,
PCP4L1,META5,2,Caudate;Nucleus Accumbens; Putamen;Pituitary,Putamen,
PFDN2,META5,2,Hypothalamus;Substantia nigra,,
PPOX,META5,2,Ovary;Pituitary,,
SDHC,META5,2,Adrenal Gland,,
SH2D1B,META5,2,Skeletal Muscle;Spleen;Whole Blood,Anterior Cingulate Cortex;Liver;Lung;Skeletal Muscle;Small Intestine;Whole Blood,Esophagus Mucosa;Lung;Skeletal Muscle;Small Intestine;Testis;Whole Blood
SLAMF1,META5,2,Lymphocytes Cells;Spleen,Lymphocytes Cells;Esophagus Mucosa;Small Intestine;Thyroid;Whole Blood,Lymphocytes Cells;Transverse Colon;Esophagus Mucosa;Small Intestine;Spleen;Vagina;Whole Blood
SLAMF6,META5,2,Lymphocytes Cells;Spleen;Whole Blood,Aorta Artery;Coronary Artery;Small Intestine;Thyroid,
SLAMF7,META5,2,Lymphocytes Cells;Spleen,Adipose Subcutaneous;Aorta Artery;Coronary Artery;Thyroid,Small Intestine
SPATA46,META5,2,Pituitary;Testis,,
TOMM40L,META5,2,Cortex;Frontal cortex;Heart Left Ventricle,,
TSTD1,META5,2,Pituitary; Prostate;Thyroid,Prostate,
UFC1,META5,2,Nucleus Accumbens;Pituitary,,
UHMK1,META5,2,Hypothalamus;Lymphocytes Cells,,
USF1,META5,2,Spleen;Whole Blood,,
USP21,META5,2,  Cerebellum;Ovary;Uterus,,
C1orf105,META5,3,Heart Atrial Appendage;Heart Left Ventricle;Testis,,
DNM3,META5,3,Cerebral Hemisphere;  Cerebellum,,
FASLG,META5,3,Spleen;Whole Blood,,
FMO1,META5,3,Small Intestine,Adipose Subcutaneous;Visceral Adipose;Coronary Artery;Esophagogastric Junction;Tibial Nerve;Pituitary,Adipose Subcutaneous;Visceral Adipose;Esophagogastric Junction;Tibial Nerve;Ovary;Pituitary;Skin Suprapubic
FMO2,META5,3,Aorta Artery;Lung,Skin Suprapubic,
FMO3,META5,3,Adipose Subcutaneous;Liver,Liver,Adrenal Gland;Liver
FMO4,META5,3,Aorta Artery;Liver;Small Intestine,,
MROH9,META5,3,Lung;Testis,,
MYOC,META5,3,Esophagogastric Junction;Tibial Nerve,Skin Suprapubic;Stomach;Vagina,Adrenal Gland;Esophagogastric Junction;Lung;Vagina
PIGC,META5,3,Skin Suprapubic;Skin Lower Leg,,
PRRC2C,META5,3,Lymphocytes Cells,,
SUCO,META5,3,Pancreas;Pituitary;Testis,,
VAMP4,META5,3,Tibial Artery;Cerebral Hemisphere;Pituitary,,
AVPR1B,META5,4,Cerebral Hemisphere;  Cerebellum;Pituitary,,
CDK18,META5,4, Spinal cord;Substantia nigra,,
CNTN2,META5,4,Hippocampus; Spinal cord;Substantia nigra,Hippocampus;Spinal cord;Substantia nigra;Small Intestine;Testis,
CTSE,META5,4,Lung;Stomach,Lung;Pancreas;Small Intestine;Stomach;Whole Blood,Lung;Pituitary;Small Intestine;Stomach
DSTYK,META5,4,Cerebral Hemisphere;  Cerebellum,,
ELK4,META5,4,Lymphocytes Cells; Prostate,,
FAM72A,META5,4,Lymphocytes Cells;Testis,Cerebral Hemisphere;Cerebellum;Lymphocytes Cells;Fibroblasts Cells;Esophagus Mucosa,Cerebral Hemisphere;Cerebellum;Lymphocytes Cells;Fibroblasts Cells;Tibial Nerve;Skin Suprapubic;Vagina
KLHDC8A,META5,4,  Cerebellum;Ovary,Substantia nigra;Ovary,Ovary
LEMD1,META5,4,Cerebral Hemisphere;  Cerebellum;Testis,,
MFSD4A,META5,4,Cerebral Hemisphere;Stomach,,
NFASC,META5,4,,,
NUAK2,META5,4,Esophagus Mucosa;Vagina;Whole Blood,Vagina,
NUCKS1,META5,4,,,
PM20D1,META5,4,Pancreas;Skin Suprapubic,,
RAB29,META5,4,Esophagus Muscularis;Spleen;Thyroid,,
RBBP5,META5,4,Cerebral Hemisphere;Lymphocytes Cells,,
SLC26A9,META5,4,Lung;Stomach,Cortex;Hippocampus;Spinal cord;Substantia nigra;Stomach,Amygdala;Cortex;Hypothalamus;Stomach;Thyroid
SLC41A1,META5,4,Heart Atrial Appendage;Heart Left Ventricle,,
SLC45A3,META5,4, Spinal cord; Prostate;Spleen,,
TMCC2,META5,4,Cerebral Hemisphere;  Cerebellum,,
TMEM81,META5,4,Cerebral Hemisphere;  Cerebellum,,
ACBD3,META5,5,Fibroblasts Cells,,
CDC42BPA,META5,5,Cerebral Hemisphere;  Cerebellum,,
COQ8A,META5,5,Skeletal Muscle,,
EPHX1,META5,5,Adrenal Gland;Liver;Ovary,,
H3F3A,META5,5,Whole Blood,,Visceral Adipose
ITPKB,META5,5,Substantia nigra,Pituitary,
LEFTY1,META5,5,Transverse Colon;Pancreas,,
LEFTY2,META5,5,Aorta Artery;Ovary;Uterus,Coronary Artery;Pituitary;Uterus;Vagina,Coronary Artery;Tibial Artery;Lung;Pituitary;Spleen;Uterus;Vagina
LIN9,META5,5,Lymphocytes Cells;Heart Left Ventricle;Testis,,
MIXL1,META5,5,Cerebral Hemisphere;  Cerebellum;Lymphocytes Cells;Spleen,,
PARP1,META5,5,Lymphocytes Cells;Spleen,,
PSEN2,META5,5,Pancreas;Pituitary,Substantia nigra,
PYCR2,META5,5,Adrenal Gland;Pituitary;Spleen,,
SDE2,META5,5,Adipose Subcutaneous;Visceral Adipose,,
SNAP47,META5,5,Ovary;Testis,,
SRP9,META5,5,Hypothalamus,,
STUM,META5,5,Amygdala;Anterior Cingulate Cortex;Hippocampus,,
TMEM63A,META5,5, Spinal cord; Prostate,,
ZNF678,META5,5, Prostate;Uterus,,
DISC1,META5,6,Tibial Nerve,,
MAP10,META5,6,Fibroblasts Cells;Testis,,
MAP3K21,META5,6,Cerebral Hemisphere;Pancreas;Stomach;Testis,,
NTPCR,META5,6,Adrenal Gland;Lymphocytes Cells,,
PCNX2,META5,6,Cerebral Hemisphere;  Cerebellum;Pituitary,,
SIPA1L2,META5,6,Heart Left Ventricle;Tibial Nerve,,
TSNAX,META5,6,Skeletal Muscle,,
GEN1,META5,7,Lymphocytes Cells;Testis,,
KCNS3,META5,7,Lung;Skeletal Muscle,,Heart Left Ventricle
NT5C1B,META5,7,Testis,,
RAD51AP2,META5,7,Testis,,
RDH14,META5,7,Fibroblasts Cells;Esophagus Muscularis,,
SMC6,META5,7,Lymphocytes Cells;Testis,,
VSNL1,META5,7,Anterior Cingulate Cortex;Cerebral Hemisphere;Cortex;Frontal cortex,Cortex;Frontal Cortex,
ANKRD36C,META5,8,  Cerebellum;Testis,,
ASTL,META5,8,Lymphocytes Cells,Cerebral Hemisphere;Cerebellum;Cortex;Lymphocytes Cells;Skin Lower Leg;Spleen,Cerebellum;Lymphocytes Cells;Skin Lower Leg;Spleen;Testis
CIAO1,META5,8,Adrenal Gland;Lymphocytes Cells;Fibroblasts Cells,,
DUSP2,META5,8,Lymphocytes Cells;Whole Blood,Small Intestine,
FAHD2A,META5,8,Cerebral Hemisphere;  Cerebellum;Liver;Thyroid,,
GPAT2,META5,8,Testis,,Testis
ITPRIPL1,META5,8,Lymphocytes Cells;Testis,Testis,Testis;Whole Blood
KCNIP3,META5,8,Anterior Cingulate Cortex;Cortex;Frontal cortex,,
MAL,META5,8,Esophagus Mucosa;Vagina,,
MRPS5,META5,8,Cerebral Hemisphere;  Cerebellum;Lymphocytes Cells,,
PROM2,META5,8,Esophagus Mucosa;Vagina,,
SNRNP200,META5,8,Lymphocytes Cells;Ovary,,
STARD7,META5,8,Lymphocytes Cells;Heart Left Ventricle;Skeletal Muscle,,
TEKT4,META5,8,Testis,,
TMEM127,META5,8,Whole Blood,,
ZNF514,META5,8,Ovary;Thyroid;Uterus,,
CNOT11,META5,9,Lymphocytes Cells;Testis,,
CREG2,META5,9,Anterior Cingulate Cortex;Cortex;Frontal cortex;Hippocampus,Amygdala;Anterior Cingulate Cortex;Cortex;Frontal Cortex;Hippocampus;Nucleus Accumbens;Substantia nigra,Amygdala;Anterior Cingulate Cortex;Cortex;Frontal cortex;Nucleus Accumbens;Putamen;Spinal cord;Substantia nigra
IL18R1,META5,9,Lung;Spleen;Whole Blood,,
IL18RAP,META5,9,Spleen;Whole Blood,Coronary Artery,Visceral Adipose;Lung;Spleen
IL1R1,META5,9,Visceral Adipose;Fibroblasts Cells;Lung,,
IL1R2,META5,9,Spleen;Whole Blood,Vagina,Adipose Subcutaneous;Spleen
IL1RL1,META5,9,Lung,Liver,
IL1RL2,META5,9,Skin Suprapubic;Skin Lower Leg,Cortex;Fibroblasts Cells;Vagina,Visceral Adipose;Cortex;Heart Atrial Appendage;Ovary;Skin Lower Leg;Thyroid;Vagina
MAP4K4,META5,9,Amygdala;Hippocampus; Spinal cord;Substantia nigra;Fibroblasts Cells,,
MFSD9,META5,9,Cerebral Hemisphere;Transverse Colon;Liver;Small Intestine,,
NPAS2,META5,9,Esophagus Mucosa,Caudate,
RFX8,META5,9,Fibroblasts Cells;Testis,Cortex;Fibroblasts Cells;Skin Lower Leg,Frontal cortex;Ovary;Skin Lower Leg;Uterus
RNF149,META5,9,Spleen;Whole Blood,,
RPL31,META5,9,Lymphocytes Cells;Ovary,,
SLC9A2,META5,9,Transverse Colon;Stomach;Testis,Substantia nigra;Transverse Colon;Prostate;Skin Suprapubic,Cerebellum;Cortex;Hippocampus;Substantia nigra;Transverse Colon;Prostate;Skin Suprapubic;Skin Lower Leg;Small Intestine
SLC9A4,META5,9,Esophagus Mucosa;Stomach;Testis,,
TBC1D8,META5,9,Skeletal Muscle; Prostate;Small Intestine,,
TMEM182,META5,9,Heart Atrial Appendage;Heart Left Ventricle,,
ACMSD,META5,10,Liver,,
CCNT2,META5,10,Cerebral Hemisphere;  Cerebellum,,
MAP3K19,META5,10,Testis,,
MGAT5,META5,10, Spinal cord;Lymphocytes Cells;Heart Atrial Appendage;Small Intestine,,
R3HDM1,META5,10,Anterior Cingulate Cortex;Cortex;Frontal cortex,,
RAB3GAP1,META5,10,Tibial Artery;Fibroblasts Cells,,
TMEM163,META5,10,Cerebral Hemisphere;  Cerebellum,Cortex;Frontal Cortex,Cerebellum;Cortex;Lung;Stomach
ZRANB3,META5,10,Lymphocytes Cells;Testis,,
ABCB11,META5,11,Liver;Testis,,
B3GALT1,META5,11,Caudate;Nucleus Accumbens,Caudate;Putamen;Spinal cord;Substantia nigra;Breast,Caudate;Hypothalamus;Nucleus Accumbens;Spinal cord;Substantia nigra;Testis
CERS6,META5,11,Cerebral Hemisphere;Small Intestine,,
DHRS9,META5,11,Transverse Colon;Heart Atrial Appendage;Whole Blood,Transverse Colon;Testis,Transverse Colon;Skin Suprapubic;Skin Lower Leg;Testis
G6PC2,META5,11,Pancreas;Testis,,
LRP2,META5,11, Spinal cord;Thyroid,Amygdala;Cortex;Hippocampus;Spinal cord;Substantia nigra;Thyroid,Amygdala;Anterior Cingulate Cortex;Cerebellum;Cortex;Frontal cortex;Hypothalamus;Nucleus Accumbens;Spinal cord;Substantia nigra;Lung;Thyroid
NOSTRIN,META5,11,Visceral Adipose;Breast;Lung,Coronary Artery;Tibial Artery;Skin Suprapubic,
SPC25,META5,11,Lymphocytes Cells,Lymphocytes Cells;Esophagus Mucosa;Skin Suprapubic;Spleen,Adrenal Gland;Lymphocytes Cells;Esophagus Mucosa;Lung;Skin Suprapubic;Skin Lower Leg;Small Intestine;Spleen;Testis
STK39,META5,11, Spinal cord;Testis,,
XIRP2,META5,11,Heart Left Ventricle;Skeletal Muscle,,
KCNH8,META5,12,Hippocampus;Substantia nigra;Pituitary,Esophagogastric Junction;Tibial Nerve,
SATB1,META5,12,Anterior Cingulate Cortex;Frontal cortex,,
TBC1D5,META5,12,Lymphocytes Cells,,
AZI2,META5,13,Fibroblasts Cells,,
CMC1,META5,13,Lymphocytes Cells;Spleen,,
EOMES,META5,13,Cerebral Hemisphere;  Cerebellum;Spleen;Whole Blood,Visceral Adipose;Aorta Artery;Cerebral Hemisphere;Cerebellum;Small Intestine;Whole Blood,Visceral Adipose;Aorta Artery;Cerebellum;Liver;Lung;Small Intestine;Spleen;Whole Blood
RBMS3,META5,13,Aorta Artery;Tibial Nerve,Skin Suprapubic,
ZCWPW2,META5,13,Testis,,
AMT,META5,14,  Cerebellum;Ovary,,
APEH,META5,14,Adrenal Gland;Lymphocytes Cells;Pituitary,,
ARIH2,META5,14,Skeletal Muscle;Testis,,
ATRIP,META5,14,Testis,,
BSN,META5,14,Cerebral Hemisphere;  Cerebellum;Cortex,Cortex;Substantia nigra,
C3orf62,META5,14,Spleen;Testis;Whole Blood,,
C3orf84,META5,14,Testis,,
CAMP,META5,14,Spleen;Whole Blood,Coronary Artery;Lymphocytes Cells;Heart Atrial Appendage;Small Intestine;Whole Blood,Lymphocytes Cells;Small Intestine;Spleen;Testis;Thyroid;Whole Blood
CCDC36,META5,14,Ovary;Testis,Skin Suprapubic;Skin Lower Leg;Vagina,Breast;Ovary;Skin Lower Leg;Testis;Thyroid;Vagina
CCDC51,META5,14,Lymphocytes Cells;Fibroblasts Cells,Lymphocytes Cells,
CCDC71,META5,14,Lymphocytes Cells;Ovary;Thyroid,,
CDC25A,META5,14,Lymphocytes Cells;Testis,Lymphocytes Cells;Fibroblasts Cells;Esophagus Mucosa,Lymphocytes Cells;Transverse Colon;Small Intestine;Vagina
CELSR3,META5,14,Cerebral Hemisphere;  Cerebellum;Pituitary,,
COL7A1,META5,14, Prostate;Skin Suprapubic;Skin Lower Leg,Breast,
DAG1,META5,14,Tibial Nerve,,
DALRD3,META5,14,Testis;Thyroid,,
DHX30,META5,14,Cerebral Hemisphere;  Cerebellum;Testis,,
FBXW12,META5,14,Pancreas;Testis,Caudate;Cerebral Hemisphere;Cerebellum;Cortex;Frontal Cortex;Hippocampus;Nucleus Accumbens;Testis,Cerebral Hemisphere;Cerebellum;Cortex;Frontal cortex;Hippocampus;Nucleus Accumbens;Pancreas;Testis
GPX1,META5,14,Whole Blood,Aorta Artery,
IMPDH2,META5,14,Lymphocytes Cells;Ovary;Pancreas,,
IP6K2,META5,14,Cerebral Hemisphere;  Cerebellum;Tibial Nerve,,
KLHDC8B,META5,14,Adrenal Gland;Ovary,,
LAMB2,META5,14,Aorta Artery;Heart Atrial Appendage;Ovary,Pituitary,
MAP4,META5,14, Spinal cord;Substantia nigra;Skeletal Muscle,Transverse Colon;Pancreas;Stomach,
MST1,META5,14,Liver;Testis,,
NCKIPSD,META5,14,Cortex;Frontal cortex,,
NDUFAF3,META5,14,Testis,,
NICN1,META5,14,  Cerebellum;Cortex;Thyroid,,
NME6,META5,14,Lymphocytes Cells,Lung,
P4HTM,META5,14,  Cerebellum;Pituitary,,
PFKFB4,META5,14,Lymphocytes Cells;Testis;Whole Blood,,
PLXNB1,META5,14,Thyroid,,
PRKAR2A,META5,14,Skeletal Muscle;Testis,,
QARS,META5,14,Lymphocytes Cells;Transverse Colon;Skin Lower Leg,,
QRICH1,META5,14,Spleen;Testis,,
RHOA,META5,14,Tibial Artery;Whole Blood,,
RNF123,META5,14,Skeletal Muscle,,
SHISA5,META5,14,Whole Blood,,
SLC25A20,META5,14,Heart Left Ventricle;Liver,,
SLC26A6,META5,14,Tibial Artery;Transverse Colon;Small Intestine;Stomach,,
SMARCC1,META5,14,Lymphocytes Cells;Testis,,
SPINK8,META5,14,Esophagus Mucosa,Amygdala;Hippocampus;Hypothalamus;Spinal cord;Esophagus Mucosa;Spleen,Amygdala;Hypothalamus;Spinal cord;Esophagus Mucosa;Spleen
TCTA,META5,14,Adrenal Gland;Pituitary;Thyroid,,
TMA7,META5,14,Hypothalamus;Lymphocytes Cells,,
TMEM89,META5,14,Testis,,
UQCRC1,META5,14,Heart Left Ventricle;Skeletal Muscle,,
USP19,META5,14,Skeletal Muscle;Testis,,
USP4,META5,14,Lymphocytes Cells;Whole Blood,,
WDR6,META5,14,Ovary;Pituitary;Thyroid,,
ZNF589,META5,14,Lymphocytes Cells; Prostate;Small Intestine;Spleen,,
ADCY5,META5,15,Caudate;Nucleus Accumbens; Putamen;Esophagogastric Junction;Esophagus Muscularis,,
ARGFX,META5,15,Testis,,
CASR,META5,15,Pancreas,,
CCDC58,META5,15,Lymphocytes Cells,,
CD86,META5,15,Lymphocytes Cells;Spleen,Adipose Subcutaneous,
CSTA,META5,15,Esophagus Mucosa;Vagina,Aorta Artery;Coronary Artery;Prostate;Vagina,Esophagogastric Junction
DTX3L,META5,15,Lymphocytes Cells,,
EAF2,META5,15,Lymphocytes Cells;Spleen,,
FAM162A,META5,15,Lymphocytes Cells;Transverse Colon;Esophagus Mucosa;Vagina,,
FBXO40,META5,15,Heart Atrial Appendage;Heart Left Ventricle;Skeletal Muscle,,
GOLGB1,META5,15,Pituitary; Prostate,,
HCLS1,META5,15,Spleen;Whole Blood,,
HSPBAP1,META5,15,Spleen;Whole Blood,,
ILDR1,META5,15,Lymphocytes Cells;Transverse Colon,Lung;Pancreas;Pituitary;Prostate;Skin Suprapubic;Thyroid,Esophagus Mucosa;Lung;Pituitary;Prostate;Skin Suprapubic;Small Intestine;Testis;Thyroid
IQCB1,META5,15,Lymphocytes Cells;Testis,,
KPNA1,META5,15,Skeletal Muscle,,
PARP14,META5,15,Lymphocytes Cells;Lung;Spleen,,
PARP15,META5,15,Lymphocytes Cells;Small Intestine;Spleen,Adipose Subcutaneous;Aorta Artery;Coronary Artery;Pituitary;Small Intestine;Thyroid,
PARP9,META5,15,Lymphocytes Cells;Spleen;Whole Blood,,
PDIA5,META5,15,Fibroblasts Cells;Liver;Stomach,,
POLQ,META5,15,Lymphocytes Cells;Testis,Lymphocytes Cells;Fibroblasts Cells;Esophagus Mucosa;Skin Suprapubic;Skin Lower Leg;Spleen,Adrenal Gland;Lymphocytes Cells;Fibroblasts Cells;Esophagus Mucosa;Skin Suprapubic;Skin Lower Leg;Small Intestine;Spleen
SEC22A,META5,15,Pituitary;Testis,,
SEMA5B,META5,15,Cortex;Hippocampus,Adipose Subcutaneous;Esophagogastric Junction,
SLC15A2,META5,15,Amygdala;Caudate; Prostate,,
AADAC,META5,16,Adrenal Gland;Liver,Visceral Adipose;Adrenal Gland;Liver;Lung;Small Intestine;Stomach,Visceral Adipose;Liver;Skin Lower Leg;Small Intestine;Stomach
AADACL2,META5,16,Skin Suprapubic;Skin Lower Leg,,
CLRN1,META5,16,Adrenal Gland;Testis,,
EIF2A,META5,16,Lymphocytes Cells,,
ERICH6,META5,16,Testis,,
GPR171,META5,16,Small Intestine;Spleen;Whole Blood,Aorta Artery;Coronary Artery;Pituitary;Thyroid;Whole Blood,Aorta Artery;Transverse Colon;Spleen;Vagina
GPR87,META5,16,Esophagus Mucosa;Skin Suprapubic;Skin Lower Leg;Vagina,Prostate;Skin Suprapubic;Skin Lower Leg;Testis;Vagina,Prostate;Skin Suprapubic;Skin Lower Leg;Testis;Vagina
IGSF10,META5,16,Lung;Ovary,Skin Suprapubic,Aorta Artery;Sigmoid Colon;Heart Left Ventricle
MBNL1,META5,16,Aorta Artery;Tibial Artery,,
MED12L,META5,16,Testis,Anterior Cingulate Cortex;Cerebral Hemisphere;Cerebellum;Testis,Anterior Cingulate Cortex;Cerebral Hemisphere;Cerebellum;Frontal cortex;Substantia nigra;Pituitary;Testis
MINDY4B,META5,16,Caudate;Nucleus Accumbens; Putamen,,
P2RY12,META5,16,Amygdala; Spinal cord;Substantia nigra,,Putamen;Substantia nigra;Tibial Nerve
P2RY13,META5,16,Spleen;Whole Blood,Aorta Artery;Coronary Artery;Pituitary,
P2RY14,META5,16,Transverse Colon;Esophagogastric Junction;Small Intestine;Stomach,Skin Suprapubic;Skin Lower Leg,Amygdala;Cerebral Hemisphere
SELENOT,META5,16,Hypothalamus;Lymphocytes Cells,,
SERP1,META5,16,Pancreas,,
SIAH2,META5,16,Adrenal Gland;Vagina;Whole Blood,,
SUCNR1,META5,16,Spleen;Thyroid,Adipose Subcutaneous;Visceral Adipose;Aorta Artery;Coronary Artery;Skin Lower Leg;Thyroid,Visceral Adipose;Aorta Artery;Breast;Liver;Skin Lower Leg;Spleen;Thyroid
TSC22D2,META5,16,Vagina,,
ARL14,META5,17,Transverse Colon;Small Intestine;Stomach,,
B3GALNT1,META5,17,Hypothalamus,,
IFT80,META5,17,Fibroblasts Cells;Pituitary;Testis,,
KPNA4,META5,17,Skeletal Muscle,,
NMD3,META5,17,Lymphocytes Cells;Stomach,,
PPM1L,META5,17,Cerebral Hemisphere;Skeletal Muscle;Pituitary,,
SMC4,META5,17,Lymphocytes Cells;Fibroblasts Cells;Testis,,
SPTSSB,META5,17,Skin Suprapubic;Skin Lower Leg,Cortex;Frontal Cortex;Spinal cord;Substantia nigra;Vagina,Amygdala;Hippocampus;Spinal cord;Substantia nigra;Esophagus Mucosa;Skin Lower Leg
TRIM59,META5,17,Hippocampus; Spinal cord;Substantia nigra,Amygdala;Cortex;Frontal Cortex;Hippocampus;Nucleus Accumbens;Spinal cord;Substantia nigra,Amygdala;Caudate;Cerebral Hemisphere;Cortex;Hypothalamus;Nucleus Accumbens;Putamen;Spinal cord;Substantia nigra
ABCC5,META5,18,Cerebral Hemisphere;  Cerebellum;Skeletal Muscle,,
ATP11B,META5,18,Lymphocytes Cells;Esophagus Mucosa;Whole Blood,,
B3GNT5,META5,18,Esophagus Mucosa;Testis,Fibroblasts Cells;Transverse Colon;Tibial Nerve;Small Intestine;Testis;Vagina,Visceral Adipose;Transverse Colon;Esophagus Mucosa;Lung;Skin Suprapubic;Small Intestine;Testis;Vagina
DCUN1D1,META5,18,Testis,,
KLHL24,META5,18,Heart Left Ventricle;Skeletal Muscle,,
KLHL6,META5,18,Lymphocytes Cells;Lung;Small Intestine;Spleen,Adipose Subcutaneous;Aorta Artery;Coronary Artery;Small Intestine;Thyroid,
LAMP3,META5,18,Lymphocytes Cells;Lung;Testis,Adrenal Gland;Fibroblasts Cells;Esophagus Mucosa;Prostate;Small Intestine;Testis,Adrenal Gland;Lymphocytes Cells;Fibroblasts Cells;Lung;Testis;Thyroid
MAP6D1,META5,18,Cerebral Hemisphere;  Cerebellum; Spinal cord,,
MCCC1,META5,18,Adrenal Gland;Lymphocytes Cells,,
MCF2L2,META5,18,Anterior Cingulate Cortex;Cortex;Frontal cortex,Cerebral Hemisphere;Substantia nigra,Cerebral Hemisphere;Hippocampus;Sigmoid Colon;Tibial Nerve;Pituitary;Spleen;Testis
PARL,META5,18,Tibial Artery;Sigmoid Colon,,
YEATS2,META5,18,Cerebral Hemisphere;  Cerebellum;Lymphocytes Cells,,
ATP5ME,META5,19,Heart Atrial Appendage;Heart Left Ventricle,,
CPLX1,META5,19,Caudate;Cortex;Frontal cortex; Putamen,,
CTBP1,META5,19,Cerebral Hemisphere;  Cerebellum;Pituitary,,
DGKQ,META5,19,Cerebral Hemisphere;  Cerebellum;Transverse Colon;Small Intestine,,
FAM53A,META5,19,Pituitary;Testis;Thyroid,Fibroblasts Cells,
FGFR3,META5,19,Skin Suprapubic;Skin Lower Leg,Sigmoid Colon;Transverse Colon;Vagina,
FGFRL1,META5,19,Thyroid,,
GAK,META5,19,Small Intestine;Spleen;Testis,,
IDUA,META5,19,Cerebral Hemisphere;  Cerebellum,,
LETM1,META5,19,Transverse Colon;Esophagus Mucosa;Testis,,
MAEA,META5,19,Pituitary;Spleen;Thyroid;Whole Blood,,
MYL5,META5,19,Small Intestine;Testis,,
NKX1-1,META5,19,Pituitary;Testis,,
NSD2,META5,19,Lymphocytes Cells;Testis,,
PCGF3,META5,19,Ovary,,
PDE6B,META5,19,Caudate;Hippocampus; Spinal cord;Substantia nigra,Breast,
PIGG,META5,19,Thyroid,,
RNF212,META5,19,Cerebral Hemisphere;  Cerebellum;Ovary;Pituitary,,Prostate
SLBP,META5,19,Lymphocytes Cells;Testis,,
SLC26A1,META5,19,Adrenal Gland;Cerebral Hemisphere;  Cerebellum,,
SLC49A3,META5,19,Testis,Coronary Artery;Tibial Artery;Pituitary,
SPON2,META5,19,Fibroblasts Cells; Prostate;Uterus,,
TACC3,META5,19,Lymphocytes Cells;Testis;Whole Blood,,
TMEM129,META5,19,Pituitary;Thyroid,,
TMEM175,META5,19,Cerebral Hemisphere;  Cerebellum;Pituitary;Spleen,,
UVSSA,META5,19,Pituitary;Testis,,
ZNF141,META5,19,Cerebral Hemisphere;Lymphocytes Cells;Ovary,,
ZNF718,META5,19,Ovary,,
ZNF721,META5,19,Cerebral Hemisphere;  Cerebellum,,
ZNF732,META5,19,Cerebral Hemisphere;  Cerebellum;Testis,Esophagogastric Junction;Esophagus Muscularis;Ovary;Uterus,Cerebellum;Sigmoid Colon;Esophagus Muscularis;Ovary;Thyroid;Uterus
BST1,META5,20,Whole Blood,,
C1QTNF7,META5,20,Tibial Artery;Esophagogastric Junction,Pituitary;Thyroid,
CC2D2A,META5,20,Tibial Artery;Sigmoid Colon,,
CD38,META5,20,Lymphocytes Cells;Spleen,Aorta Artery;Small Intestine,
CPEB2,META5,20,Skin Suprapubic;Skin Lower Leg;Testis,,
FAM200B,META5,20,Cerebral Hemisphere;Nucleus Accumbens;Pituitary,,
FBXL5,META5,20,Whole Blood,,
FGFBP1,META5,20,Esophagus Mucosa;Vagina,Transverse Colon;Esophagus Mucosa;Lung;Small Intestine;Vagina,Transverse Colon;Esophagus Mucosa;Lung;Skin Suprapubic;Skin Lower Leg;Vagina
FGFBP2,META5,20,Tibial Nerve;Whole Blood,Coronary Artery;Skin Suprapubic;Stomach,Nucleus Accumbens;Breast;Lung;Prostate
LDB2,META5,20,Visceral Adipose;Lung;Uterus,,
PROM1,META5,20,Transverse Colon;Small Intestine,Transverse Colon;Pancreas;Testis,Caudate;Cerebral Hemisphere;Putamen;Spinal cord;Transverse Colon;Esophagus Muscularis;Pancreas;Skin Lower Leg;Testis
TAPT1,META5,20,Adrenal Gland;Testis,,
DCAF16,META5,21,Ovary;Pituitary;Uterus,,
FAM184B,META5,21,Nucleus Accumbens;Skeletal Muscle,Anterior Cingulate Cortex;Caudate;Cortex;Frontal Cortex;Hypothalamus;Nucleus Accumbens;Putamen,Frontal cortex;Hippocampus;Nucleus Accumbens;Skeletal Muscle
LAP3,META5,21,Lymphocytes Cells;Lung,,
LCORL,META5,21,Lymphocytes Cells;Small Intestine;Testis,,
MED28,META5,21,Lymphocytes Cells,,
NCAPG,META5,21,Lymphocytes Cells;Fibroblasts Cells;Testis,Adipose Subcutaneous;Adrenal Gland;Lymphocytes Cells;Fibroblasts Cells;Transverse Colon;Esophagus Mucosa;Spleen;Vagina,Adrenal Gland;Lymphocytes Cells;Lung;Skin Suprapubic;Skin Lower Leg;Spleen
QDPR,META5,21,Hippocampus; Putamen; Spinal cord;Substantia nigra,,
ART3,META5,22,Skeletal Muscle;Testis,,Adipose Subcutaneous;Heart Atrial Appendage;Small Intestine;Testis
CCDC158,META5,22,Testis,Cortex;Frontal Cortex;Breast;Tibial Nerve;Pituitary;Testis,Coronary Artery;Tibial Artery;Esophagogastric Junction;Pancreas;Pituitary;Testis
CCNG2,META5,22,Cerebral Hemisphere;  Cerebellum;Esophagus Mucosa,,
CCNI,META5,22,Tibial Artery;Cerebral Hemisphere;Ovary,,
CDKL2,META5,22,Testis,,
CXCL10,META5,22,Lung,Visceral Adipose;Coronary Artery;Pituitary;Thyroid,Esophagus Mucosa;Liver;Lung;Spleen
CXCL11,META5,22,,,
CXCL9,META5,22,Lung,Adipose Subcutaneous;Visceral Adipose;Coronary Artery;Tibial Artery;Pituitary;Thyroid,Adipose Subcutaneous;Transverse Colon;Esophagus Mucosa;Lung;Pituitary;Small Intestine;Testis;Thyroid
FAM47E,META5,22,Hypothalamus;Pituitary;Thyroid,,Visceral Adipose
G3BP2,META5,22,Cerebral Hemisphere;Frontal cortex;Hypothalamus;Lymphocytes Cells,,
NAAA,META5,22,Transverse Colon; Prostate;Small Intestine;Spleen,,
NUP54,META5,22,Cerebral Hemisphere;Lymphocytes Cells,,
ODAPH,META5,22, Spinal cord;Substantia nigra;Testis,,
PPEF2,META5,22,Cerebral Hemisphere;  Cerebellum;Testis,,
RCHY1,META5,22,Cerebral Hemisphere,,
SCARB2,META5,22, Spinal cord;Lung,,
SDAD1,META5,22,Lymphocytes Cells;Fibroblasts Cells;Testis,,
SHROOM3,META5,22,Aorta Artery;Transverse Colon;Small Intestine;Stomach,Adipose Subcutaneous;Breast,
SOWAHB,META5,22,Frontal cortex;Transverse Colon;Esophagus Mucosa;Liver,Anterior Cingulate Cortex;Cortex;Frontal Cortex;Prostate;Small Intestine,Anterior Cingulate Cortex;Cerebellum;Cortex;Frontal cortex;Liver;Prostate;Small Intestine;Thyroid
STBD1,META5,22,Skeletal Muscle,,Visceral Adipose;Adrenal Gland;Breast
THAP6,META5,22,Testis,,
USO1,META5,22,Skeletal Muscle,,
CCSER1,META5,23,Testis,Cerebral Hemisphere;Cerebellum;Cortex;Frontal Cortex;Breast;Skin Suprapubic;Skin Lower Leg;Spleen,Adipose Subcutaneous;Breast;Heart Atrial Appendage;Pancreas;Skin Suprapubic;Skin Lower Leg;Vagina
FAM13A,META5,23,Adipose Subcutaneous;Thyroid,,
GPRIN3,META5,23,Cerebral Hemisphere;  Cerebellum;Lung,,
HERC3,META5,23,Cerebral Hemisphere;  Cerebellum,,
MMRN1,META5,23,Thyroid,Tibial Artery;Ovary,
SNCA,META5,23,Anterior Cingulate Cortex;Cerebral Hemisphere;Frontal cortex,,
TIGD2,META5,23,Fibroblasts Cells;Liver,,
ANK2,META5,24,Cerebral Hemisphere;  Cerebellum;Frontal cortex,,
ARSJ,META5,24,Fibroblasts Cells,,
CAMK2D,META5,24,Cerebral Hemisphere;  Cerebellum;Heart Left Ventricle,,
LARP7,META5,24,Lymphocytes Cells,,
NEUROG2,META5,24,Lymphocytes Cells;Testis,Amygdala;Anterior Cingulate Cortex;Cerebral Hemisphere;Cerebellum;Hippocampus;Lymphocytes Cells;Testis,Cerebral Hemisphere;Cerebellum;Hippocampus;Putamen;Lymphocytes Cells
ZGRF1,META5,24,Lymphocytes Cells;Testis,,
AADAT,META5,25,Liver; Prostate;Uterus,,
CBR4,META5,25,Liver;Thyroid,,
CLCN3,META5,25, Spinal cord,,
HPF1,META5,25,Frontal cortex,,
MFAP3L,META5,25,,Testis,
NEK1,META5,25,Tibial Nerve,,
PALLD,META5,25,Sigmoid Colon;Esophagogastric Junction;Esophagus Muscularis,,
SH3RF1,META5,25,Hippocampus; Prostate;Thyroid,,
DEPDC1B,META5,26,Lymphocytes Cells;Testis,Lymphocytes Cells;Fibroblasts Cells;Transverse Colon;Esophagus Mucosa;Tibial Nerve;Spleen,Lymphocytes Cells;Fibroblasts Cells;Transverse Colon;Esophagus Mucosa;Tibial Nerve;Spleen;Stomach;Testis;Vagina
ELOVL7,META5,26, Spinal cord;Substantia nigra;Skin Lower Leg,Coronary Artery;Tibial Artery,
ERCC8,META5,26,Lymphocytes Cells;Fibroblasts Cells;Testis;Thyroid,,
NDUFAF2,META5,26,Fibroblasts Cells;Pituitary,,
PDE4D,META5,26,Skeletal Muscle,,
SMIM15,META5,26,Lymphocytes Cells;Fibroblasts Cells,,
ZSWIM6,META5,26,Lung,,
C5orf30,META5,27,Cortex;Frontal cortex;Transverse Colon,,
GIN1,META5,27,Cerebral Hemisphere;  Cerebellum,,
NUDT12,META5,27,Adrenal Gland,,
PAM,META5,27,Aorta Artery;Heart Atrial Appendage,,
PPIP5K2,META5,27,Coronary Artery;Lymphocytes Cells;Tibial Nerve,,
SLCO4C1,META5,27,Lung;Whole Blood,,
SLCO6A1,META5,27,Testis,,
C5orf15,META5,28,Lymphocytes Cells;Fibroblasts Cells,,
C5orf24,META5,28,Lymphocytes Cells;Fibroblasts Cells,Lymphocytes Cells;Spleen,Coronary Artery;Cerebral Hemisphere;Sigmoid Colon
CAMLG,META5,28,Ovary;Testis,,
CATSPER3,META5,28,Testis,Testis,Prostate;Testis;Thyroid
CDKL3,META5,28,Testis,,
CDKN2AIPNL,META5,28,Anterior Cingulate Cortex;Frontal cortex,,
CXCL14,META5,28,Skin Suprapubic;Skin Lower Leg,Pituitary,
DDX46,META5,28,Cerebral Hemisphere;Lymphocytes Cells,,
H2AFY,META5,28,Esophagus Mucosa;Whole Blood,,
JADE2,META5,28,Small Intestine;Spleen,,
PCBD2,META5,28,Skeletal Muscle,,
PITX1,META5,28,Esophagus Mucosa;Pituitary;Vagina,Adrenal Gland;Fibroblasts Cells;Transverse Colon;Stomach;Vagina,Transverse Colon;Esophagogastric Junction;Esophagus Mucosa;Esophagus Muscularis;Pituitary;Testis;Vagina
PPP2CA,META5,28,Anterior Cingulate Cortex;Cerebral Hemisphere;Frontal cortex,,
SAR1B,META5,28,Liver;Skeletal Muscle,,
SEC24A,META5,28,Lymphocytes Cells,,
SKP1,META5,28,Tibial Artery;Cerebral Hemisphere,,
SLC25A48,META5,28,Tibial Nerve,Hippocampus;Tibial Nerve;Skin Suprapubic;Skin Lower Leg;Small Intestine,Anterior Cingulate Cortex;Cerebral Hemisphere;Cerebellum;Frontal cortex;Hypothalamus;Putamen;Tibial Nerve;Small Intestine
TCF7,META5,28,Lymphocytes Cells;Small Intestine;Spleen;Whole Blood,Pituitary;Small Intestine,
TIFAB,META5,28,Small Intestine;Spleen,,
TXNDC15,META5,28,Pituitary;Thyroid,,
UBE2B,META5,28,Skeletal Muscle;Whole Blood,,
VDAC1,META5,28,Lymphocytes Cells;Skeletal Muscle,,
GPX5,META5,29,Testis,,
GPX6,META5,29,Testis,,
HIST1H1B,META5,29,Lymphocytes Cells;Whole Blood,,
HIST1H2AG,META5,29,Testis,Adrenal Gland;Transverse Colon;Prostate;Thyroid,Aorta Artery;Coronary Artery;Fibroblasts Cells;Lung;Small Intestine;Spleen;Thyroid;Vagina
HIST1H2AI,META5,29,Lymphocytes Cells;Whole Blood,,
HIST1H2BJ,META5,29,Lymphocytes Cells;Testis;Whole Blood,,Vagina
HIST1H2BK,META5,29,Lymphocytes Cells;Whole Blood,,
HIST1H2BL,META5,29,Lymphocytes Cells,,
HIST1H2BN,META5,29, Spinal cord;Testis,Adrenal Gland;Tibial Artery;Spinal cord;Prostate;Thyroid;Uterus,Adrenal Gland;Tibial Artery;Cerebral Hemisphere;Cerebellum;Spinal cord;Testis;Thyroid
HIST1H3J,META5,29,Lymphocytes Cells,,
HIST1H4J,META5,29,Lymphocytes Cells,Transverse Colon,Liver;Ovary;Vagina
NKAPL,META5,29,Testis,Fibroblasts Cells,Fibroblasts Cells;Transverse Colon;Small Intestine;Testis;Vagina
OR2B6,META5,29,Lymphocytes Cells,,
PGBD1,META5,29,Cerebral Hemisphere;  Cerebellum,,
POM121L2,META5,29,Testis,,
PRSS16,META5,29,Pancreas;Thyroid,Frontal Cortex;Transverse Colon;Prostate;Stomach,Transverse Colon;Lung;Pituitary;Small Intestine;Stomach
ZBED9,META5,29,Cerebral Hemisphere;  Cerebellum;Testis,Cerebral Hemisphere;Cerebellum;Cortex;Frontal Cortex;Ovary;Pituitary,Cerebellum;Cortex;Hypothalamus;Pancreas;Pituitary;Testis;Thyroid
ZKSCAN3,META5,29,Ovary;Uterus,,
ZKSCAN4,META5,29,Spleen;Testis,,
ZKSCAN8,META5,29,Ovary;Uterus,,
ZNF165,META5,29,Pituitary;Testis,Testis,Substantia nigra;Breast;Stomach;Testis
ZNF184,META5,29,Cortex;Frontal cortex;Testis,,
ZNF391,META5,29,Ovary;Testis,,
ZSCAN12,META5,29,Lymphocytes Cells;Testis,,
ZSCAN16,META5,29,Small Intestine;Spleen,,
ZSCAN23,META5,29,Ovary;Thyroid,Breast;Tibial Nerve;Ovary,Fibroblasts Cells;Ovary
ZSCAN26,META5,29,Cerebral Hemisphere;  Cerebellum;Ovary;Uterus,,
ZSCAN31,META5,29,Testis;Thyroid,Ovary,
ZSCAN9,META5,29,Testis,,
ABCF1,META5,30,Lymphocytes Cells;Skeletal Muscle;Testis,,
ATAT1,META5,30,Hypothalamus;Pituitary;Testis,,
C6orf136,META5,30,Cerebral Hemisphere;  Cerebellum;Transverse Colon;Small Intestine,,
C6orf15,META5,30,Skin Suprapubic;Skin Lower Leg,,
CDSN,META5,30,Skin Suprapubic;Skin Lower Leg,,
DDR1,META5,30, Spinal cord,,
DHX16,META5,30,Testis;Thyroid,,
FLOT1,META5,30,Adrenal Gland;Whole Blood,,
GABBR1,META5,30,Anterior Cingulate Cortex;Cerebral Hemisphere;Nucleus Accumbens,,
GNL1,META5,30,Cerebral Hemisphere;  Cerebellum;Testis,,
GTF2H4,META5,30,Cerebral Hemisphere;  Cerebellum;Pituitary,,
HLA-A,META5,30,Lymphocytes Cells;Spleen;Whole Blood,,
HLA-E,META5,30,Lung;Spleen;Whole Blood,Tibial Artery;Pancreas,
HLA-F,META5,30,Lymphocytes Cells;Spleen;Whole Blood,,
HLA-G,META5,30,Pituitary;Testis,Breast;Lymphocytes Cells;Lung;Pancreas;Pituitary;Testis;Vagina;Whole Blood,Lymphocytes Cells;Pituitary;Testis
IER3,META5,30,,Vagina,
MDC1,META5,30,Testis,,
MOG,META5,30,Hippocampus; Spinal cord;Substantia nigra,Cerebellum;Cortex;Hippocampus;Spinal cord;Substantia nigra,Amygdala;Anterior Cingulate Cortex;Caudate;Cerebral Hemisphere;Cerebellum;Cortex;Frontal cortex;Hippocampus;Hypothalamus;Nucleus Accumbens;Putamen;Spinal cord;Substantia nigra
MRPS18B,META5,30,Lymphocytes Cells;Heart Left Ventricle;Skeletal Muscle,,
MUC21,META5,30,Esophagus Mucosa;Vagina,,
MUCL3,META5,30,Esophagus Mucosa;Stomach,,
NRM,META5,30,Lymphocytes Cells;Testis;Uterus,,
OR11A1,META5,30,Testis,,
OR14J1,META5,30,Testis,,
OR2H1,META5,30,Testis,,
OR2H2,META5,30,Testis,Caudate;Hypothalamus;Nucleus Accumbens;Putamen;Pituitary;Testis,Cerebral Hemisphere;Frontal cortex;Hypothalamus;Nucleus Accumbens;Testis
OR2J2,META5,30,Testis,,
OR5V1,META5,30,Testis,,
PPP1R10,META5,30,Pituitary,,
PPP1R11,META5,30,Testis;Whole Blood,,
PPP1R18,META5,30,Whole Blood,,
PRR3,META5,30,Cerebral Hemisphere;Ovary,,
PSORS1C1,META5,30,Testis,Breast,Testis;Uterus;Vagina
PSORS1C2,META5,30,Skin Suprapubic;Skin Lower Leg,Transverse Colon;Lung;Tibial Nerve;Small Intestine;Stomach;Uterus;Vagina,Skin Suprapubic;Skin Lower Leg;Testis;Uterus
RNF39,META5,30,Skin Suprapubic;Skin Lower Leg,Ovary;Pancreas;Prostate;Stomach;Vagina,Esophagus Mucosa;Pancreas;Pituitary;Skin Suprapubic;Skin Lower Leg;Stomach;Vagina
SFTA2,META5,30,Esophagus Mucosa;Lung,Esophagus Mucosa;Lung;Pancreas;Stomach;Vagina,Esophagus Mucosa;Lung;Stomach;Testis;Vagina
TRIM10,META5,30,Transverse Colon;Liver;Small Intestine;Whole Blood,,
TRIM15,META5,30,Transverse Colon;Liver;Small Intestine,,
TRIM26,META5,30,Lymphocytes Cells,,
TRIM31,META5,30,Transverse Colon;Small Intestine;Testis,,
TRIM39,META5,30,Testis,,
TRIM40,META5,30,Transverse Colon;Small Intestine;Testis,,
TUBB,META5,30,Lymphocytes Cells;Fibroblasts Cells,,
UBD,META5,30,Lymphocytes Cells;Small Intestine;Spleen,Lymphocytes Cells;Esophagus Mucosa;Liver;Tibial Nerve;Pancreas;Small Intestine;Spleen,Lymphocytes Cells;Esophagus Mucosa;Liver;Lung;Tibial Nerve;Pancreas;Small Intestine;Spleen
VARS2,META5,30,Cerebral Hemisphere;  Cerebellum,,
ZFP57,META5,30, Spinal cord;Substantia nigra,Cerebellum;Cortex;Hippocampus;Nucleus Accumbens;Spinal cord;Substantia nigra,Anterior Cingulate Cortex;Cerebellum;Cortex;Frontal cortex;Hypothalamus;Nucleus Accumbens;Putamen;Testis
ZNRD1,META5,30,Lymphocytes Cells;Spleen;Testis,,
ABHD16A,META5,31,Pituitary;Testis,,
AGER,META5,31,Lung,,
AGPAT1,META5,31,Testis,,
AIF1,META5,31,Spleen;Whole Blood,,
APOM,META5,31,Liver;Testis,,
ATF6B,META5,31,Ovary;Spleen,,
B3GALT4,META5,31,Testis,,
BAG6,META5,31,Testis,,
BAK1,META5,31,Lymphocytes Cells;Transverse Colon;Small Intestine;Spleen,,
BRD2,META5,31,Testis;Thyroid,,
BTNL2,META5,31,Ovary;Small Intestine,,
C2,META5,31,Liver;Lung,,
C4A,META5,31,Adrenal Gland;Liver,,
C4B,META5,31,Adrenal Gland;Liver,,
C6orf47,META5,31,Spleen,,
CFB,META5,31,Visceral Adipose;Liver,,
CLIC1,META5,31,Lymphocytes Cells;Whole Blood,Liver;Pancreas,
COL11A2,META5,31,Cerebral Hemisphere;  Cerebellum;Pituitary,,
CSNK2B,META5,31,Skin Lower Leg;Testis,,
CUTA,META5,31,Adrenal Gland;Pituitary,,
CYP21A2,META5,31,Adrenal Gland;Liver,Liver,Adrenal Gland;Liver;Ovary;Thyroid
DAXX,META5,31,Spleen;Testis,,
DDAH2,META5,31,Uterus;Vagina,,
DXO,META5,31,Pituitary;Testis,,
EHMT2,META5,31,Cerebral Hemisphere;  Cerebellum;Nucleus Accumbens,,
FKBPL,META5,31,Esophagus Mucosa;Skin Suprapubic;Skin Lower Leg;Testis,,
GPANK1,META5,31,Testis,Fibroblasts Cells,
GPSM3,META5,31,Spleen;Whole Blood,,
HLA-DMA,META5,31,Lymphocytes Cells;Lung;Spleen,Coronary Artery,
HLA-DMB,META5,31,Lymphocytes Cells;Small Intestine;Spleen,Coronary Artery,
HLA-DOA,META5,31,Lymphocytes Cells;Spleen,Pituitary;Small Intestine,
HLA-DOB,META5,31,Lymphocytes Cells;Small Intestine;Spleen,Small Intestine;Thyroid,Transverse Colon;Small Intestine;Spleen
HLA-DPA1,META5,31,Lymphocytes Cells;Spleen,Pituitary,
HLA-DPB1,META5,31,Lymphocytes Cells;Lung;Spleen,Pituitary,
HLA-DQA1,META5,31,Lymphocytes Cells;Lung;Spleen,,Hippocampus;Transverse Colon;Ovary
HLA-DQA2,META5,31,Lymphocytes Cells;Spleen,Coronary Artery;Pituitary;Small Intestine;Thyroid,Spinal cord;Transverse Colon;Spleen
HLA-DQB1,META5,31,Lymphocytes Cells;Lung;Spleen,,Anterior Cingulate Cortex;Caudate;Hippocampus;Ovary
HLA-DQB2,META5,31,Skin Suprapubic;Skin Lower Leg,Aorta Artery;Coronary Artery;Pituitary;Small Intestine;Thyroid;Vagina,Aorta Artery;Spinal cord;Transverse Colon;Small Intestine;Testis;Thyroid
HLA-DRA,META5,31,Lymphocytes Cells;Spleen,Pituitary,
HLA-DRB1,META5,31,Lymphocytes Cells;Lung;Spleen,,
HLA-DRB5,META5,31,Lymphocytes Cells;Lung;Spleen,,Substantia nigra;Stomach;Uterus
HSD17B8,META5,31,Liver;Pancreas;Thyroid,,
HSPA1B,META5,31,,,
HSPA1L,META5,31,Testis,Ovary,
KIFC1,META5,31,Lymphocytes Cells;Testis,Lymphocytes Cells;Fibroblasts Cells;Sigmoid Colon;Esophagus Mucosa,
LSM2,META5,31,Lymphocytes Cells,,
LY6G5C,META5,31,Cerebral Hemisphere;  Cerebellum;Testis,,Testis
LY6G6C,META5,31,Skin Suprapubic;Skin Lower Leg,Breast;Pituitary;Testis;Vagina,Transverse Colon;Skin Suprapubic;Skin Lower Leg;Testis;Vagina
LY6G6F,META5,31,Spleen;Whole Blood,,
MPIG6B,META5,31,Skin Suprapubic;Skin Lower Leg;Whole Blood,Breast;Esophagogastric Junction;Testis,Esophagogastric Junction;Lung;Skin Lower Leg;Spleen;Testis;Whole Blood
MSH5,META5,31,Lymphocytes Cells,,Breast
NELFE,META5,31,Pituitary;Testis,,
NEU1,META5,31,Adrenal Gland,,
NOTCH4,META5,31,Adipose Subcutaneous;Visceral Adipose;Breast;Lung,Coronary Artery;Tibial Artery,
PBX2,META5,31,Spleen;Thyroid;Uterus;Whole Blood,,
PFDN6,META5,31,Lymphocytes Cells;Testis,,
PHF1,META5,31,Ovary;Pituitary;Testis,,
PPT2,META5,31,Cerebral Hemisphere;  Cerebellum;Ovary,,
PRRC2A,META5,31,Testis,,
PRRT1,META5,31,Cerebral Hemisphere;  Cerebellum;Cortex,,
PSMB8,META5,31,Lymphocytes Cells;Spleen,,
PSMB9,META5,31,Lymphocytes Cells;Spleen;Whole Blood,,
RGL2,META5,31,Pituitary; Prostate;Spleen,,
RING1,META5,31,Pituitary;Thyroid,,
RNF5,META5,31,Adrenal Gland,,
RPS18,META5,31,Lymphocytes Cells;Ovary;Skin Suprapubic;Skin Lower Leg,,
RXRB,META5,31,  Cerebellum;Thyroid,,
SKIV2L,META5,31,Pituitary;Spleen,,
SLC39A7,META5,31,Pituitary,,
SLC44A4,META5,31,Transverse Colon; Prostate;Small Intestine;Stomach,Breast;Transverse Colon;Prostate;Skin Suprapubic;Small Intestine;Stomach,Breast;Transverse Colon;Esophagus Mucosa;Pituitary;Prostate;Small Intestine;Spleen;Stomach
STK19,META5,31,Adrenal Gland,,
SYNGAP1,META5,31,Pituitary,,
TAP1,META5,31,Lymphocytes Cells;Whole Blood,,
TAP2,META5,31,Lymphocytes Cells;Spleen,,
TAPBP,META5,31,Spleen;Whole Blood,,
TNXB,META5,31,Adipose Subcutaneous,,
VARS,META5,31,Testis,,
VPS52,META5,31,Pituitary;Spleen;Thyroid,,
VWA7,META5,31,Pituitary,,
WDR46,META5,31,Lymphocytes Cells;Pituitary,,
ZBTB12,META5,31,Ovary;Uterus,Fibroblasts Cells;Ovary;Uterus,Sigmoid Colon;Ovary;Uterus;Vagina
ZBTB22,META5,31,Skin Suprapubic;Thyroid;Uterus,,
ZBTB9,META5,31,Pituitary;Testis,Fibroblasts Cells,
B3GAT2,META5,32,Hippocampus;Hypothalamus; Spinal cord,Amygdala;Anterior Cingulate Cortex;Caudate;Hippocampus;Hypothalamus;Nucleus Accumbens;Putamen;Substantia nigra,Amygdala;Caudate;Cerebellum;Hypothalamus;Nucleus Accumbens;Spinal cord;Testis
KCNQ5,META5,32,Anterior Cingulate Cortex;Frontal cortex;Nucleus Accumbens,Amygdala;Anterior Cingulate Cortex;Caudate;Cortex;Frontal Cortex;Putamen;Sigmoid Colon,Amygdala;Anterior Cingulate Cortex;Caudate;Cerebellum;Cortex;Frontal cortex;Nucleus Accumbens;Putamen
OGFRL1,META5,32,Fibroblasts Cells,,
RIMS1,META5,32,Cerebral Hemisphere;  Cerebellum,Caudate;Cerebral Hemisphere;Cerebellum;Hypothalamus;Nucleus Accumbens;Substantia nigra,Cerebral Hemisphere;Cerebellum;Hypothalamus;Putamen;Spinal cord;Substantia nigra;Pituitary;Testis
SMAP1,META5,32,Testis,,
FAM229B,META5,33, Spinal cord;Testis,Testis,
FYN,META5,33,Amygdala,,
GTF3C6,META5,33,Skeletal Muscle; Prostate;Testis,,
LAMA4,META5,33,Fibroblasts Cells,Pituitary,
MFSD4B,META5,33,Lymphocytes Cells;Testis,,
REV3L,META5,33,  Cerebellum;Fibroblasts Cells;Uterus,,
RFPL4B,META5,33,Testis,,
RPF2,META5,33,Lymphocytes Cells;Fibroblasts Cells,,
SLC16A10,META5,33,Skeletal Muscle;Pancreas,Cerebellum,Pancreas;Skin Lower Leg;Stomach
TRAF3IP2,META5,33,Fibroblasts Cells;Skin Suprapubic;Skin Lower Leg;Uterus,,
TUBE1,META5,33,Cerebral Hemisphere;  Cerebellum;Testis;Uterus,,
ENPP1,META5,34,Liver;Pituitary;Thyroid;Uterus,,
EYA4,META5,34,Skeletal Muscle,Coronary Artery;Vagina,Amygdala;Caudate;Hippocampus;Skeletal Muscle;Pituitary;Prostate;Testis;Vagina
MOXD1,META5,34,Lung;Uterus,Pituitary,
RPS12,META5,34,Lymphocytes Cells;Ovary;Skin Suprapubic,,
SLC18B1,META5,34,Amygdala;Anterior Cingulate Cortex;Frontal cortex,,
STX7,META5,34,Tibial Nerve;Small Intestine;Spleen,,
TCF21,META5,34,Lung;Ovary,Liver;Ovary;Pituitary;Vagina,Liver;Pituitary;Prostate;Spleen;Testis;Uterus
VNN1,META5,34,Liver;Whole Blood,Adipose Subcutaneous;Aorta Artery;Coronary Artery,Visceral Adipose;Aorta Artery;Lung;Spleen
VNN2,META5,34,Spleen;Whole Blood,Coronary Artery;Small Intestine,Lung;Spleen
VNN3,META5,34,Liver;Whole Blood,,
CCDC126,META5,35,Testis,,
FAM126A,META5,35,Fibroblasts Cells,,
FAM221A,META5,35, Spinal cord;Testis,,
GPNMB,META5,35,Fibroblasts Cells;Skin Suprapubic;Skin Lower Leg,Stomach,
IGF2BP3,META5,35,Lymphocytes Cells;Fibroblasts Cells,,
IL6,META5,35,Visceral Adipose,Esophagogastric Junction;Stomach,
KLHL7,META5,35,Heart Left Ventricle;Testis,,
MALSU1,META5,35,Lymphocytes Cells;Heart Left Ventricle;Testis,,
RAPGEF5,META5,35,Hippocampus; Spinal cord;Substantia nigra,,
STEAP1B,META5,35,Fibroblasts Cells,Coronary Artery;Fibroblasts Cells;Tibial Nerve,Coronary Artery;Hypothalamus;Substantia nigra;Fibroblasts Cells;Tibial Nerve
STK31,META5,35,Cerebral Hemisphere;Testis,Caudate;Cerebral Hemisphere;Cerebellum;Cortex;Nucleus Accumbens;Putamen;Lung;Tibial Nerve,Cerebral Hemisphere;Cerebellum;Cortex;Putamen;Tibial Nerve;Testis
TOMM7,META5,35,Ovary,,
TRA2A,META5,35,Ovary;Spleen;Uterus,,
ASL,META5,36,Transverse Colon;Liver;Small Intestine,,
CRCP,META5,36,Lymphocytes Cells;Fibroblasts Cells;Liver,,Fibroblasts Cells
GUSB,META5,36,Liver;Spleen,,
KCTD7,META5,36, Spinal cord;Ovary,,
RABGEF1,META5,36,Whole Blood,,
SBDS,META5,36,Tibial Artery,,
TMEM248,META5,36,Ovary;Uterus,,
TPST1,META5,36,Fibroblasts Cells,,
TYW1,META5,36,Fibroblasts Cells;Ovary,Fibroblasts Cells,
VKORC1L1,META5,36,Adipose Subcutaneous;Visceral Adipose;Breast,,
BLK,META5,37,Lymphocytes Cells;Small Intestine;Spleen,Lymphocytes Cells;Small Intestine;Spleen;Whole Blood,Lymphocytes Cells;Small Intestine;Spleen
CTSB,META5,37,Fibroblasts Cells;Thyroid,,
DEFB134,META5,37,Testis,,
FAM167A,META5,37,Fibroblasts Cells;Pituitary;Thyroid,Cerebellum;Fibroblasts Cells;Small Intestine;Stomach,
FAM86B1,META5,37,Pituitary,Breast,Cerebellum
FAM86B2,META5,37,Pituitary,Breast,Amygdala;Sigmoid Colon;Esophagus Muscularis
FDFT1,META5,37,Lymphocytes Cells;Testis,,
GATA4,META5,37,Heart Atrial Appendage;Heart Left Ventricle;Ovary,Heart Atrial Appendage;Heart Left Ventricle;Liver;Ovary;Stomach;Testis,Coronary Artery;Heart Left Ventricle;Liver;Stomach;Testis
LONRF1,META5,37,Skin Suprapubic;Skin Lower Leg,,
MTMR9,META5,37,Cerebral Hemisphere;Frontal cortex;Testis,,
NEIL2,META5,37,Adrenal Gland;Testis,,
SLC35G5,META5,37,Testis,,
XKR6,META5,37,Lymphocytes Cells;Testis,Adrenal Gland,Cerebellum;Cortex;Prostate;Testis
CNOT7,META5,38,Cerebral Hemisphere;Lymphocytes Cells,,
FGF20,META5,38,Cerebral Hemisphere;  Cerebellum; Spinal cord,Cerebral Hemisphere;Cerebellum;Cortex;Frontal Cortex;Pituitary,Adrenal Gland;Cerebellum;Spinal cord;Substantia nigra;Pituitary;Spleen
MICU3,META5,38,Cerebral Hemisphere;  Cerebellum;Frontal cortex,,
MSR1,META5,38,Lung,Adipose Subcutaneous;Aorta Artery;Coronary Artery,
MTMR7,META5,38,Cerebral Hemisphere;Frontal cortex,Anterior Cingulate Cortex;Cerebral Hemisphere;Cerebellum;Cortex;Frontal Cortex;Nucleus Accumbens,Cerebral Hemisphere;Cerebellum;Cortex;Frontal cortex;Hypothalamus;Nucleus Accumbens;Spinal cord;Pituitary
MTUS1,META5,38,Cerebral Hemisphere;Pancreas,Cerebral Hemisphere,
PDGFRL,META5,38,Breast;Tibial Nerve,,
SLC7A2,META5,38,Liver;Skeletal Muscle;Ovary,,
VPS37A,META5,38,Cerebral Hemisphere;Testis,,
ZDHHC2,META5,38,Cerebral Hemisphere;  Cerebellum;Thyroid,,
BIN3,META5,39,Adrenal Gland;Tibial Nerve;Whole Blood,,
BMP1,META5,39,Coronary Artery,,
C8orf58,META5,39,Spleen;Testis,,
CCAR2,META5,39,Testis,,
CHMP7,META5,39,Small Intestine;Spleen,,
DMTN,META5,39,Anterior Cingulate Cortex;Cortex;Frontal cortex,,
DOK2,META5,39,Spleen;Whole Blood,Adipose Subcutaneous;Aorta Artery;Coronary Artery,
EGR3,META5,39,Skin Suprapubic;Skin Lower Leg,Putamen,
ENTPD4,META5,39,Small Intestine;Spleen,,
FAM160B2,META5,39,Pituitary; Prostate;Thyroid,,
FGF17,META5,39,Cerebral Hemisphere;  Cerebellum,Prostate,
GFRA2,META5,39,Cortex;Frontal cortex;Spleen;Thyroid,Adrenal Gland,
HR,META5,39,Skin Suprapubic;Skin Lower Leg,Vagina,
LGI3,META5,39,Cortex;Frontal cortex; Spinal cord;Substantia nigra,Adrenal Gland;Sigmoid Colon,
LOXL2,META5,39,Fibroblasts Cells,Liver,
NPM2,META5,39,Anterior Cingulate Cortex;Cortex;Frontal cortex,,
PDLIM2,META5,39,Skin Suprapubic;Skin Lower Leg;Spleen,Adipose Subcutaneous,
PEBP4,META5,39,Heart Atrial Appendage;Heart Left Ventricle;Skeletal Muscle,,Lung;Skeletal Muscle
PHYHIP,META5,39,Cerebral Hemisphere;  Cerebellum;Nucleus Accumbens,,
PIWIL2,META5,39,Testis,,Aorta Artery;Esophagogastric Junction;Esophagus Muscularis;Pancreas;Testis
POLR3D,META5,39,Lymphocytes Cells;Fibroblasts Cells;Testis,,
PPP3CC,META5,39,Skeletal Muscle;Testis,,
R3HCC1,META5,39, Spinal cord;Testis,Fibroblasts Cells,
REEP4,META5,39,Esophagus Mucosa;Skin Suprapubic;Skin Lower Leg,,
RHOBTB2,META5,39,Lung,,
SFTPC,META5,39,Lung,Anterior Cingulate Cortex;Caudate;Hippocampus;Spinal cord;Substantia nigra;Lung;Testis,Caudate;Frontal cortex;Hippocampus;Hypothalamus;Substantia nigra;Lung;Skin Suprapubic
SLC25A37,META5,39,Whole Blood,,
SLC39A14,META5,39,Liver;Pancreas,Esophagogastric Junction;Esophagus Muscularis,
SORBS3,META5,39,Coronary Artery;Tibial Artery;Tibial Nerve;Testis,,
TNFRSF10A,META5,39,Esophagus Mucosa;Small Intestine,,
TNFRSF10B,META5,39,Lymphocytes Cells;Fibroblasts Cells,,
TNFRSF10C,META5,39,Spleen;Whole Blood,Coronary Artery;Tibial Artery,Visceral Adipose;Lung;Spleen
TNFRSF10D,META5,39,Fibroblasts Cells,,
XPO7,META5,39,Cerebral Hemisphere;Testis,,
ADCY8,META5,40,Amygdala;Hypothalamus;Substantia nigra,Anterior Cingulate Cortex;Cerebral Hemisphere;Frontal Cortex;Hippocampus;Substantia nigra;Skin Lower Leg;Testis,Amygdala;Caudate;Hypothalamus;Nucleus Accumbens;Putamen;Spinal cord;Substantia nigra;Skin Lower Leg
ASAP1,META5,40,Fibroblasts Cells,,
FAM49B,META5,40,Whole Blood,,
GSDMC,META5,40,Esophagus Mucosa;Skin Suprapubic;Skin Lower Leg,Esophagus Mucosa;Heart Left Ventricle;Skeletal Muscle;Vagina,Skeletal Muscle;Skin Suprapubic;Skin Lower Leg;Spleen;Vagina
ADAMTSL1,META5,41,Fibroblasts Cells;Esophagus Muscularis;Uterus,Pituitary,
BNC2,META5,41,Tibial Nerve;Ovary;Uterus,Stomach,
CNTLN,META5,41,Tibial Nerve;Ovary;Uterus,,
SH3GL2,META5,41,Cerebral Hemisphere;  Cerebellum,Amygdala;Anterior Cingulate Cortex;Caudate;Cortex;Frontal Cortex;Putamen,
ANKRD18B,META5,42,Cerebral Hemisphere;  Cerebellum;Testis,Anterior Cingulate Cortex;Cortex;Esophagus Mucosa;Prostate;Skin Suprapubic;Skin Lower Leg,Cortex;Esophagus Mucosa;Prostate;Skin Suprapubic;Testis
AQP3,META5,42,Esophagus Mucosa;Skin Suprapubic;Vagina,Vagina,Vagina
AQP7,META5,42,Adipose Subcutaneous;Visceral Adipose;Breast,Adipose Subcutaneous;Coronary Artery;Testis,
ARID3C,META5,42,  Cerebellum;Liver,Cortex;Frontal Cortex;Nucleus Accumbens;Liver;Tibial Nerve,Cortex;Nucleus Accumbens;Liver;Tibial Nerve;Testis
B4GALT1,META5,42,Fibroblasts Cells;Ovary,,
BAG1,META5,42,Skin Suprapubic;Testis,,
C9orf131,META5,42,Testis,,
C9orf24,META5,42,Testis,Testis,Testis
CCL19,META5,42,Coronary Artery;Small Intestine,,Coronary Artery
CCL21,META5,42,Small Intestine;Thyroid,Coronary Artery,
CCL27,META5,42,Skin Suprapubic;Skin Lower Leg,,Pituitary;Testis;Thyroid
CHMP5,META5,42,Lymphocytes Cells,,
CNTFR,META5,42,Caudate;Skeletal Muscle,Adipose Subcutaneous;Pituitary,
DCAF12,META5,42,Testis;Whole Blood,,
DCTN3,META5,42,Cerebral Hemisphere;  Cerebellum;Pituitary,,
DNAI1,META5,42,Pituitary;Testis,Anterior Cingulate Cortex;Putamen;Pituitary;Testis;Thyroid,Amygdala;Caudate;Hippocampus;Hypothalamus;Nucleus Accumbens;Pancreas;Pituitary;Testis
DNAJB5,META5,42,Esophagogastric Junction;Esophagus Muscularis;Skeletal Muscle,Stomach,
ENHO,META5,42,Amygdala;Caudate;Nucleus Accumbens; Putamen,,Tibial Nerve
FAM205A,META5,42,Testis,,
FAM205C,META5,42,Testis,,
FAM219A,META5,42,Cortex;Frontal cortex;Hypothalamus;Substantia nigra,,
GALT,META5,42,Adrenal Gland;Liver,,
IL11RA,META5,42,Aorta Artery;Sigmoid Colon,,
KIF24,META5,42,Lymphocytes Cells;Testis,Breast;Lymphocytes Cells;Fibroblasts Cells;Esophagus Mucosa,Caudate;Breast;Lymphocytes Cells;Fibroblasts Cells
MYORG,META5,42,Skeletal Muscle,Cerebellum,
NFX1,META5,42,Cerebral Hemisphere;Lymphocytes Cells,,
NOL6,META5,42,Testis,,
NUDT2,META5,42,Pituitary,,
PHF24,META5,42,Anterior Cingulate Cortex;Cortex;Frontal cortex,Substantia nigra,
PRSS3,META5,42,Pancreas,Sigmoid Colon;Transverse Colon;Small Intestine,Transverse Colon;Small Intestine;Vagina
RPP25L,META5,42,Skeletal Muscle,Lung,
SIGMAR1,META5,42,Fibroblasts Cells;Liver,,
SMU1,META5,42,Lymphocytes Cells,,
SPINK4,META5,42,Transverse Colon;Small Intestine,,
UBAP1,META5,42,Whole Blood,,
UBAP2,META5,42,Lymphocytes Cells;Testis,,
UBE2R2,META5,42,Testis;Whole Blood,,
ACBD7,META5,43,Amygdala;Anterior Cingulate Cortex;Caudate;Frontal cortex;Nucleus Accumbens,Cerebellum;Substantia nigra;Tibial Nerve;Pituitary;Testis,Amygdala;Anterior Cingulate Cortex;Caudate;Cerebellum;Cortex;Frontal cortex;Hippocampus;Nucleus Accumbens;Putamen;Substantia nigra
C1QL3,META5,43,Anterior Cingulate Cortex;Cerebral Hemisphere;Cortex;Frontal cortex,Anterior Cingulate Cortex;Cerebral Hemisphere;Cortex;Frontal Cortex,Amygdala;Anterior Cingulate Cortex;Cerebral Hemisphere;Cerebellum;Cortex;Frontal cortex
CDNF,META5,43,Skeletal Muscle;Testis,Testis,
DCLRE1C,META5,43,Lymphocytes Cells;Spleen,,
FAM107B,META5,43, Spinal cord;Substantia nigra;Stomach,,
FAM171A1,META5,43,Caudate;Nucleus Accumbens; Putamen; Spinal cord,,
HSPA14,META5,43,Lymphocytes Cells;Testis,,
ITGA8,META5,43,Aorta Artery;Coronary Artery,Adipose Subcutaneous,
MEIG1,META5,43,,Anterior Cingulate Cortex;Putamen;Pituitary;Testis,Amygdala;Caudate;Hypothalamus;Nucleus Accumbens;Substantia nigra;Testis
MINDY3,META5,43,Cerebral Hemisphere; Spinal cord,,
NMT2,META5,43,Adipose Subcutaneous;Breast,,
OLAH,META5,43,Testis;Whole Blood,Aorta Artery;Tibial Artery;Fibroblasts Cells;Esophagus Muscularis;Lung;Spleen;Testis,Visceral Adipose;Adrenal Gland;Aorta Artery;Tibial Artery;Esophagus Muscularis;Pituitary;Spleen;Testis
PTER,META5,43,Anterior Cingulate Cortex;Cortex;Frontal cortex;Hippocampus,,
RPP38,META5,43,Testis,,Fibroblasts Cells;Testis
SUV39H2,META5,43,Lymphocytes Cells;Testis,,
ACTR1A,META5,44,Esophagogastric Junction;Esophagus Muscularis,,
ARL3,META5,44,Nucleus Accumbens,,
ARMH3,META5,44,Heart Atrial Appendage;Heart Left Ventricle,,
AS3MT,META5,44,Adrenal Gland,,
BTRC,META5,44,Anterior Cingulate Cortex;Cortex;Frontal cortex;Nucleus Accumbens,,
C10orf95,META5,44,Lung;Thyroid,,
CNNM2,META5,44,Adrenal Gland;Tibial Artery,,
CUEDC2,META5,44,Tibial Nerve,,
CYP17A1,META5,44,Adrenal Gland;Testis,,Adrenal Gland;Cerebral Hemisphere;Cerebellum;Sigmoid Colon;Ovary;Thyroid
DPCD,META5,44,Pituitary;Testis,,
ELOVL3,META5,44,Skin Suprapubic;Skin Lower Leg,Adipose Subcutaneous;Visceral Adipose;Amygdala;Anterior Cingulate Cortex;Breast;Fibroblasts Cells;Lung;Skin Suprapubic;Whole Blood,Visceral Adipose;Breast;Fibroblasts Cells;Skin Suprapubic;Skin Lower Leg;Testis
FBXL15,META5,44,Cortex;Frontal cortex;Pituitary,,
FBXW4,META5,44, Spinal cord;Substantia nigra,,
FGF8,META5,44,Lymphocytes Cells;Testis,,
GBF1,META5,44,  Cerebellum;Pituitary;Thyroid,,
HPS6,META5,44,Lymphocytes Cells;Fibroblasts Cells,,
KCNIP2,META5,44,Caudate;Nucleus Accumbens; Putamen;Heart Atrial Appendage,Uterus,
LDB1,META5,44,Ovary;Skin Suprapubic;Skin Lower Leg;Uterus,,
MFSD13A,META5,44,Cerebral Hemisphere;  Cerebellum,,
NFKB2,META5,44,Lymphocytes Cells;Spleen,,
NOLC1,META5,44,Lymphocytes Cells;Fibroblasts Cells,,
NPM3,META5,44,Lymphocytes Cells;Fibroblasts Cells,,
NT5C2,META5,44,Esophagus Mucosa;Thyroid,,
OGA,META5,44,Cerebral Hemisphere;  Cerebellum,,
PITX3,META5,44,Substantia nigra;Skeletal Muscle,,
POLL,META5,44,Testis,,
PPRC1,META5,44,,,
PSD,META5,44,Hippocampus;Nucleus Accumbens,Adrenal Gland,
RPEL1,META5,44,Fibroblasts Cells;Pituitary,,
SFXN2,META5,44,Ovary;Pituitary;Thyroid,,
SUFU,META5,44,Skin Suprapubic;Skin Lower Leg;Testis,,
TRIM8,META5,44,Adipose Subcutaneous;Tibial Nerve,Fibroblasts Cells,
WBP1L,META5,44,Thyroid,Pancreas,
BAG3,META5,45,Skeletal Muscle,Adrenal Gland,
CACUL1,META5,45,Testis,,
EIF3A,META5,45,Lymphocytes Cells;Fibroblasts Cells;Skeletal Muscle,,
FAM45A,META5,45,Fibroblasts Cells;Vagina;Whole Blood,,
GRK5,META5,45,Aorta Artery;Lung,Liver;Skin Suprapubic,
INPP5F,META5,45,Cerebral Hemisphere;Frontal cortex;Hypothalamus,,
MCMBP,META5,45,Lymphocytes Cells;Fibroblasts Cells,,
NANOS1,META5,45,Skeletal Muscle,,
PLPP4,META5,45,Cerebral Hemisphere;  Cerebellum;Hippocampus;Hypothalamus;Substantia nigra,Fibroblasts Cells;Sigmoid Colon;Esophagus Muscularis;Prostate,Anterior Cingulate Cortex;Hypothalamus;Putamen;Spinal cord;Substantia nigra;Esophagus Muscularis
PRDX3,META5,45,Adrenal Gland;Lymphocytes Cells;Liver,,
RGS10,META5,45,Lymphocytes Cells;Sigmoid Colon,,
RPL21,META5,45,,,
SEC23IP,META5,45,Lymphocytes Cells;Fibroblasts Cells,,
SFXN4,META5,45,Adrenal Gland;Thyroid,,
TIAL1,META5,45,Lymphocytes Cells;Uterus,,
ADM,META5,46,Fibroblasts Cells,,
AMPD3,META5,46,Skeletal Muscle;Pituitary,Coronary Artery,
CSNK2A3,META5,46,Lymphocytes Cells;Fibroblasts Cells,,
CTR9,META5,46,Lymphocytes Cells;Fibroblasts Cells;Testis,,
EIF4G2,META5,46,Fibroblasts Cells,,
GALNT18,META5,46,Lung;Thyroid,,
LYVE1,META5,46,Adipose Subcutaneous;Visceral Adipose;Spleen,,
MRVI1,META5,46,Aorta Artery;Tibial Artery,,
MTRNR2L8,META5,46,,Lymphocytes Cells;Spleen,Amygdala;Substantia nigra;Pituitary;Thyroid
RNF141,META5,46, Spinal cord;Substantia nigra;Testis,,
SBF2,META5,46,Fibroblasts Cells;Tibial Nerve,,
SWAP70,META5,46,Adipose Subcutaneous;Lymphocytes Cells,Pituitary,
WEE1,META5,46,Skin Suprapubic;Skin Lower Leg,Breast,
ZBED5,META5,46,Ovary;Thyroid;Uterus,,
ANKRD42,META5,47,Testis,,
CCDC90B,META5,47,Adrenal Gland; Spinal cord;Testis,,
DDIAS,META5,47,Lymphocytes Cells;Testis,Coronary Artery;Lymphocytes Cells;Fibroblasts Cells;Esophagus Mucosa;Lung,Lymphocytes Cells;Fibroblasts Cells;Esophagus Mucosa;Small Intestine;Testis;Uterus;Vagina
DLG2,META5,47,Anterior Cingulate Cortex;Cortex;Frontal cortex;Hippocampus,,
PCF11,META5,47,Lymphocytes Cells;Small Intestine,,
PRCP,META5,47,Adrenal Gland;Fibroblasts Cells;Whole Blood,,
RAB30,META5,47, Spinal cord;Lymphocytes Cells,,
ACAD8,META5,48, Prostate;Thyroid,,
B3GAT1,META5,48,,Amygdala;Spinal cord;Tibial Nerve;Stomach,Amygdala;Cerebral Hemisphere;Cerebellum;Spinal cord;Tibial Nerve;Spleen;Stomach
GLB1L2,META5,48,Sigmoid Colon; Prostate;Uterus,Breast,
GLB1L3,META5,48,Cerebral Hemisphere;  Cerebellum; Prostate,Amygdala;Anterior Cingulate Cortex;Caudate;Cortex;Frontal Cortex;Nucleus Accumbens;Putamen,Amygdala;Anterior Cingulate Cortex;Caudate;Cortex;Frontal cortex;Hippocampus;Putamen;Substantia nigra
IGSF9B,META5,48,Cerebral Hemisphere;  Cerebellum;Esophagus Muscularis,Stomach,
JAM3,META5,48,Tibial Artery,,
NCAPD3,META5,48,Lymphocytes Cells; Prostate;Testis,,
OPCML,META5,48,Cerebral Hemisphere;  Cerebellum;Frontal cortex,Anterior Cingulate Cortex;Cerebral Hemisphere;Cerebellum;Cortex;Frontal Cortex;Spinal cord,Amygdala;Anterior Cingulate Cortex;Cerebellum;Cortex;Frontal cortex;Putamen;Spinal cord;Tibial Nerve;Pituitary
SPATA19,META5,48,Testis,,
THYN1,META5,48,Cerebral Hemisphere;  Cerebellum,,
VPS26B,META5,48,Cerebral Hemisphere;  Cerebellum;Cortex,,
ABCD2,META5,49,Adipose Subcutaneous;Cerebral Hemisphere,Adipose Subcutaneous;Cerebellum,
C12orf40,META5,49,Testis,,
CNTN1,META5,49,,,
KIF21A,META5,49,Cerebral Hemisphere;Frontal cortex;Hypothalamus,,
LRRK2,META5,49,Lung;Whole Blood,,
PDZRN4,META5,49,Sigmoid Colon;Tibial Nerve,Stomach,
SLC2A13,META5,49,Anterior Cingulate Cortex;Frontal cortex;Hypothalamus;Nucleus Accumbens;Substantia nigra,,
ANO6,META5,50,Aorta Artery;Esophagus Muscularis,,
ARID2,META5,50,Testis,,
DBX2,META5,50,Anterior Cingulate Cortex;Hypothalamus; Spinal cord;Substantia nigra,Visceral Adipose;Cerebellum;Substantia nigra,Anterior Cingulate Cortex;Cerebellum;Cortex;Frontal cortex;Hypothalamus;Spinal cord;Substantia nigra;Testis
SCAF11,META5,50,Lymphocytes Cells,,
SLC38A1,META5,50,Lymphocytes Cells;Skeletal Muscle,,
SLC38A2,META5,50,,,
SLC38A4,META5,50,Fibroblasts Cells;Liver,Transverse Colon;Liver;Skeletal Muscle;Pancreas;Skin Suprapubic;Skin Lower Leg,Adrenal Gland;Tibial Artery;Fibroblasts Cells;Transverse Colon;Liver;Skeletal Muscle;Prostate;Skin Lower Leg
ABCB9,META5,51,,,
ARL6IP4,META5,51,,,
ATP6V0A2,META5,51,Lymphocytes Cells,,
B3GNT4,META5,51,Anterior Cingulate Cortex;Cortex;Frontal cortex,,
BCL7A,META5,51,Cerebral Hemisphere;  Cerebellum;Frontal cortex,,
C12orf65,META5,51,Pituitary;Testis,,
CCDC62,META5,51,,Amygdala;Skeletal Muscle;Spleen;Testis,Amygdala;Cerebral Hemisphere;Cerebellum;Frontal cortex;Spinal cord;Substantia nigra;Skeletal Muscle;Testis
CDK2AP1,META5,51, Spinal cord;Substantia nigra,,
CLIP1,META5,51,,,
DDX55,META5,51,,,
DENR,META5,51,Lymphocytes Cells;Fibroblasts Cells,,
DIABLO,META5,51,,,
DNAH10,META5,51,Testis,Anterior Cingulate Cortex;Cerebral Hemisphere;Cortex;Frontal Cortex;Putamen;Lung;Testis,Amygdala;Caudate;Cerebral Hemisphere;Hippocampus;Hypothalamus;Nucleus Accumbens;Lung;Testis
EIF2B1,META5,51,Lymphocytes Cells;Fibroblasts Cells,,
GTF2H3,META5,51,Lymphocytes Cells;Fibroblasts Cells,,
HCAR1,META5,51,,Adipose Subcutaneous;Visceral Adipose;Breast;Prostate;Spleen;Testis;Thyroid,Adipose Subcutaneous;Visceral Adipose;Breast;Prostate;Spleen;Testis
HIP1R,META5,51,Substantia nigra;Stomach,,
IL31,META5,51,,,
KMT5A,META5,51,Esophagus Mucosa; Prostate,,
KNTC1,META5,51,,,
LRRC43,META5,51,Testis,Putamen;Lung;Pituitary;Thyroid,Hippocampus;Hypothalamus;Spinal cord;Substantia nigra;Lung;Thyroid
MLXIP,META5,51,Sigmoid Colon;Transverse Colon;Skeletal Muscle,,
MPHOSPH9,META5,51,  Cerebellum;Lymphocytes Cells;Testis,,
OGFOD2,META5,51,Testis,,
PITPNM2,META5,51,Lung;Ovary,,
PSMD9,META5,51,Fibroblasts Cells,,
RILPL1,META5,51,Heart Atrial Appendage;Heart Left Ventricle,Stomach,
RILPL2,META5,51,Lymphocytes Cells;Whole Blood,Pituitary,
RSRC2,META5,51,,,
SBNO1,META5,51,Lymphocytes Cells;Fibroblasts Cells;Testis,,
SNRNP35,META5,51,Skeletal Muscle;Spleen,,
TCTN2,META5,51,Ovary;Pituitary;Testis;Uterus,,
TMED2,META5,51,Fibroblasts Cells;Liver;Pancreas,,
VPS33A,META5,51,,,
VPS37B,META5,51,Esophagus Mucosa,Fibroblasts Cells,
WDR66,META5,51,Pituitary;Testis,,
ZCCHC8,META5,51,Cerebral Hemisphere;Lymphocytes Cells,,
ANHX,META5,52,Testis,,
ANKLE2,META5,52,Testis,,
CHFR,META5,52,Lymphocytes Cells;Spleen;Testis,,
DDX51,META5,52,Cerebral Hemisphere;  Cerebellum,,
EP400,META5,52,  Cerebellum;Ovary;Testis,,
FBRSL1,META5,52,,,
GALNT9,META5,52,,Visceral Adipose;Anterior Cingulate Cortex;Cortex;Frontal Cortex;Spinal cord;Substantia nigra,Visceral Adipose;Anterior Cingulate Cortex;Cerebellum;Cortex;Frontal cortex;Nucleus Accumbens;Spinal cord
GOLGA3,META5,52,Pituitary,,
LRCOL1,META5,52,Liver;Lung,Adipose Subcutaneous;Breast;Esophagus Muscularis;Pituitary;Prostate;Small Intestine;Vagina,Lung;Pituitary;Prostate;Small Intestine;Spleen;Vagina
MMP17,META5,52,Anterior Cingulate Cortex;Cortex;Frontal cortex;Hippocampus;Nucleus Accumbens,,
NOC4L,META5,52,Testis,,
P2RX2,META5,52,Esophagogastric Junction;Esophagus Muscularis; Prostate,Transverse Colon;Esophagogastric Junction;Esophagus Muscularis;Prostate;Small Intestine;Stomach,Hippocampus;Esophagogastric Junction;Esophagus Mucosa;Esophagus Muscularis;Lung;Prostate;Stomach;Testis
PGAM5,META5,52,Testis,,
POLE,META5,52,Cerebral Hemisphere;  Cerebellum;Testis,,
PUS1,META5,52,Lymphocytes Cells;Fibroblasts Cells;Spleen,,
PXMP2,META5,52,Liver;Stomach,,
SFSWAP,META5,52,Tibial Nerve,,
ULK1,META5,52,Nucleus Accumbens;Pituitary,,
ZNF10,META5,52,Ovary;Pituitary;Thyroid,Breast,Breast;Esophagogastric Junction;Ovary;Prostate
ZNF140,META5,52,Pituitary;Thyroid,,
ZNF26,META5,52, Prostate;Spleen,,
ZNF268,META5,52,,Breast;Lymphocytes Cells;Fibroblasts Cells,Adrenal Gland;Lymphocytes Cells;Fibroblasts Cells;Esophagus Mucosa
ZNF605,META5,52,Cerebral Hemisphere;  Cerebellum;Pituitary;Thyroid,,
ZNF84,META5,52,Cerebral Hemisphere;Pituitary,,
ZNF891,META5,52,Ovary;Testis,,
ARL11,META5,53,Lymphocytes Cells;Spleen;Whole Blood,Adipose Subcutaneous;Coronary Artery;Small Intestine;Vagina,Adipose Subcutaneous;Visceral Adipose;Coronary Artery;Spinal cord;Lung;Whole Blood
CAB39L,META5,53,Sigmoid Colon;Tibial Nerve,,
CDADC1,META5,53,Testis,,
CYSLTR2,META5,53,Adrenal Gland;Heart Atrial Appendage,Adrenal Gland;Small Intestine;Spleen,Adrenal Gland;Amygdala;Hippocampus;Heart Left Ventricle;Prostate
EBPL,META5,53,Adrenal Gland;Esophagus Mucosa;Liver;Vagina,,
FNDC3A,META5,53,Lymphocytes Cells;Pituitary,,
KCNRG,META5,53,Lung;Testis,,
KPNA3,META5,53,Skeletal Muscle,,
LPAR6,META5,53,Esophagus Mucosa; Prostate;Vagina,,
PHF11,META5,53,Lymphocytes Cells;Spleen;Thyroid,,
RB1,META5,53,Lymphocytes Cells,,
RCBTB1,META5,53,Thyroid,,
RCBTB2,META5,53,Lymphocytes Cells;Thyroid,,
SETDB2,META5,53,Lymphocytes Cells;Ovary;Spleen;Testis,,
SPRYD7,META5,53,Anterior Cingulate Cortex;Frontal cortex;Hypothalamus,,
TRIM13,META5,53,Testis,,
FARP1,META5,54,Sigmoid Colon; Prostate;Thyroid,Skin Suprapubic;Skin Lower Leg,
HS6ST3,META5,54,Tibial Artery;Anterior Cingulate Cortex;Frontal cortex,Anterior Cingulate Cortex;Caudate;Cerebellum;Cortex;Frontal Cortex;Hypothalamus,Tibial Artery;Amygdala;Cerebellum;Cortex;Frontal cortex;Hippocampus
IPO5,META5,54,Lymphocytes Cells;Fibroblasts Cells;Testis,,
MBNL2,META5,54, Spinal cord,,
OXGR1,META5,54,Skin Suprapubic;Skin Lower Leg,Adipose Subcutaneous;Cortex;Frontal Cortex;Spinal cord;Breast;Transverse Colon;Skin Suprapubic;Skin Lower Leg,Adipose Subcutaneous;Cortex;Transverse Colon;Esophagus Mucosa;Skin Suprapubic;Skin Lower Leg
RAP2A,META5,54,Anterior Cingulate Cortex;Frontal cortex; Spinal cord,,
RNF113B,META5,54,,,
CLEC14A,META5,55,,Ovary;Skin Suprapubic,
FOXA1,META5,55,Breast; Prostate;Stomach,Transverse Colon;Lung;Prostate;Small Intestine;Stomach;Vagina,Transverse Colon;Lung;Prostate;Skin Lower Leg;Small Intestine;Stomach;Vagina
MIPOL1,META5,55, Prostate;Testis,,
NKX2-1,META5,55,Thyroid,Caudate;Hypothalamus;Nucleus Accumbens;Putamen;Lung;Thyroid,Hypothalamus;Nucleus Accumbens;Putamen;Lung;Testis;Thyroid
NKX2-8,META5,55, Spinal cord;Testis,Hypothalamus;Spinal cord;Substantia nigra;Pituitary;Thyroid,Spinal cord;Esophagus Mucosa;Pituitary;Testis;Thyroid
PAX9,META5,55,Esophagus Mucosa,Fibroblasts Cells;Esophagus Mucosa;Pituitary;Prostate;Vagina,Esophagus Mucosa;Pituitary;Prostate;Vagina
SLC25A21,META5,55,Testis,Visceral Adipose;Fibroblasts Cells;Esophagus Mucosa;Vagina,Adipose Subcutaneous;Fibroblasts Cells;Testis
SSTR1,META5,55,Hypothalamus;Stomach,,
TTC6,META5,55,Breast; Prostate;Testis,,
ATG14,META5,56,,,
BMP4,META5,56,Esophagogastric Junction; Prostate;Vagina,Visceral Adipose;Pituitary,
CDKN3,META5,56,Lymphocytes Cells;Testis,,
CGRRF1,META5,56,Testis,,
CNIH1,META5,56,Fibroblasts Cells;Liver,,
DLGAP5,META5,56,,Lymphocytes Cells;Fibroblasts Cells;Esophagus Mucosa;Skin Suprapubic;Spleen,Lymphocytes Cells;Fibroblasts Cells;Esophagus Mucosa;Lung;Skin Suprapubic;Skin Lower Leg;Small Intestine;Spleen;Testis;Whole Blood
FBXO34,META5,56,Esophagus Mucosa;Testis,,
GCH1,META5,56,Lymphocytes Cells;Liver,,
GMFB,META5,56, Spinal cord;Substantia nigra,,
KTN1,META5,56,Skeletal Muscle;Testis,,
LGALS3,META5,56,Transverse Colon;Skin Lower Leg;Small Intestine,Transverse Colon,
MAPK1IP1L,META5,56,Lymphocytes Cells,,
SAMD4A,META5,56, Spinal cord;Testis,Testis,
SOCS4,META5,56,Lymphocytes Cells,,
WDHD1,META5,56,Lymphocytes Cells;Testis,,
ABCD4,META5,57,Ovary;Uterus,,
ACYP1,META5,57,Hypothalamus;Pituitary,,
ALDH6A1,META5,57,Anterior Cingulate Cortex;Caudate;Cortex;Frontal cortex;Nucleus Accumbens;Liver,,
AREL1,META5,57,Testis;Whole Blood,,
BATF,META5,57,Lymphocytes Cells;Spleen;Whole Blood,Aorta Artery,
BBOF1,META5,57,Testis,,
COQ6,META5,57,Adrenal Gland;Testis,,
DLST,META5,57,Adrenal Gland;Fibroblasts Cells;Heart Left Ventricle,Pancreas,
EIF2B2,META5,57,Adrenal Gland;Thyroid,Liver,
ENTPD5,META5,57,Transverse Colon;Liver;Small Intestine,,
ERG28,META5,57,Testis,,
FAM161B,META5,57,Testis,,
FCF1,META5,57,Lymphocytes Cells;Fibroblasts Cells,,
FLVCR2,META5,57,Tibial Nerve;Small Intestine;Spleen;Testis,Aorta Artery;Coronary Artery;Small Intestine,
FOS,META5,57,Skin Suprapubic,,Nucleus Accumbens
ISCA2,META5,57,Adrenal Gland;Lymphocytes Cells;Thyroid,,
JDP2,META5,57,Fibroblasts Cells;Spleen,,
LIN52,META5,57,Cerebral Hemisphere;  Cerebellum;Hypothalamus,,
LTBP2,META5,57,Aorta Artery;Coronary Artery;Tibial Artery,Pituitary,
MLH3,META5,57,Thyroid,,
NEK9,META5,57,Ovary;Uterus,,
NPC2,META5,57,Lung;Thyroid,,
PGF,META5,57,Coronary Artery;Tibial Artery;Thyroid,Ovary;Pituitary,
PROX2,META5,57,Lymphocytes Cells;Ovary,Ovary;Uterus,Frontal cortex;Thyroid
RPS6KL1,META5,57,Cerebral Hemisphere;  Cerebellum;Cortex,,
SYNDIG1L,META5,57,Caudate;Nucleus Accumbens; Putamen,Putamen;Spinal cord,Caudate;Nucleus Accumbens;Putamen;Spinal cord;Pituitary;Uterus
TMED10,META5,57,Tibial Nerve;Pancreas,,
TTLL5,META5,57, Spinal cord;Testis,,
VRTN,META5,57,Small Intestine;Testis,,
VSX2,META5,57,Testis,,
YLPM1,META5,57,Ovary;Testis,,
ZC2HC1C,META5,57,Pituitary;Testis,,
ZNF410,META5,57,Ovary;Testis,,Cerebral Hemisphere;Hypothalamus;Ovary;Thyroid
EML5,META5,58,,Cerebral Hemisphere;Cerebellum,
GALC,META5,58, Spinal cord;Tibial Nerve;Testis,,
GPR65,META5,58,Lymphocytes Cells;Spleen;Whole Blood,Aorta Artery;Coronary Artery;Thyroid,
KCNK10,META5,58,Amygdala;Cerebral Hemisphere;  Cerebellum;Hippocampus,Anterior Cingulate Cortex;Cerebral Hemisphere;Cerebellum;Cortex;Hippocampus;Esophagus Mucosa,Caudate;Cerebral Hemisphere;Cerebellum;Nucleus Accumbens;Pancreas;Pituitary;Testis
PTPN21,META5,58,Tibial Nerve;Skin Suprapubic;Thyroid,Pituitary,
SPATA7,META5,58,Testis,,
TTC8,META5,58,Adrenal Gland;Ovary;Pituitary,,
ZC3H14,META5,58,Testis,,
C2CD4A,META5,59,Pancreas;Pituitary,,
C2CD4B,META5,59,,,Adipose Subcutaneous;Lung
RORA,META5,59,Skin Suprapubic;Skin Lower Leg,,
TLN2,META5,59,Adipose Subcutaneous;Cortex;Frontal cortex,,
VPS13C,META5,59,,,
ARL6IP1,META5,60,,,
CCP110,META5,60,,,
COQ7,META5,60,,,
GDE1,META5,60,,,
GPRC5B,META5,60,,,
IQCK,META5,60,,,
KNOP1,META5,60,Lymphocytes Cells;Fibroblasts Cells,Fibroblasts Cells,Fibroblasts Cells
NOMO2,META5,60,,,
NPIPA7,META5,60,,,
NPIPA8,META5,60,Cerebral Hemisphere;  Cerebellum;Pituitary,,Caudate;Hypothalamus
RPS15A,META5,60,,,
SMG1,META5,60,,,
SYT17,META5,60,,Adrenal Gland,
TMC5,META5,60,,Transverse Colon;Pancreas;Prostate;Small Intestine;Testis,Transverse Colon;Esophagus Mucosa;Lung;Pancreas;Prostate;Small Intestine;Testis
TMC7,META5,60,,Testis,
VPS35L,META5,60,,,
APOBR,META5,61,Spleen;Whole Blood,Aorta Artery;Transverse Colon,
ASPHD1,META5,61,Hippocampus; Putamen;Substantia nigra,,
ATP2A1,META5,61,,,Esophagus Muscularis
ATXN2L,META5,61,,,
BOLA2B,META5,61,,,
C16orf54,META5,61,,Adipose Subcutaneous;Lung;Small Intestine;Thyroid,Adrenal Gland;Lymphocytes Cells;Transverse Colon;Esophagus Mucosa;Small Intestine;Thyroid;Vagina;Whole Blood
CD19,META5,61,Lymphocytes Cells;Small Intestine;Spleen,Transverse Colon;Small Intestine;Spleen;Testis;Whole Blood,Transverse Colon;Lung;Prostate;Small Intestine;Spleen;Stomach;Testis
CDIPT,META5,61,,,
CLN3,META5,61,,,
EIF3C,META5,61,,,Liver
EIF3CL,META5,61,,,Tibial Artery;Cerebral Hemisphere;Cerebellum;Esophagus Mucosa;Lung;Tibial Nerve;Skin Lower Leg;Thyroid
GSG1L,META5,61,,Caudate;Frontal Cortex;Nucleus Accumbens;Putamen;Substantia nigra,Aorta Artery;Caudate;Cerebellum;Hippocampus;Nucleus Accumbens;Putamen;Spinal cord;Substantia nigra
IL27,META5,61,Liver;Spleen;Whole Blood,,
KCTD13,META5,61,,,
KIF22,META5,61,,,
LAT,META5,61,,,
MAZ,META5,61,,,
MVP,META5,61,,,
NFATC2IP,META5,61,,,
NPIPB11,META5,61,,,
NPIPB6,META5,61,,,
NPIPB8,META5,61,,,
NPIPB9,META5,61,Testis,,
NUPR1,META5,61,,,
PRRT2,META5,61,Cerebral Hemisphere;  Cerebellum,,
QPRT,META5,61,Adrenal Gland;Liver,,
RABEP2,META5,61,,,
SBK1,META5,61,,,
SEZ6L2,META5,61,,,
SGF29,META5,61,,,
SH2B1,META5,61,,,
SPN,META5,61,Lymphocytes Cells;Whole Blood,Adipose Subcutaneous;Aorta Artery;Coronary Artery;Small Intestine;Thyroid,
SPNS1,META5,61,,,
SULT1A1,META5,61,,,
SULT1A2,META5,61,,Small Intestine,Coronary Artery;Pituitary;Small Intestine;Thyroid
SULT1A3,META5,61,,,Frontal cortex
SULT1A4,META5,61,Small Intestine,,
TUFM,META5,61,,,
XPO6,META5,61,,,
ZG16,META5,61,,,
AHSP,META5,62,Whole Blood,,
ALDOA,META5,62,Skeletal Muscle,,
ARMC5,META5,62,,,
BCKDK,META5,62,,,
BCL7C,META5,62,,,
BOLA2B,META5,62,,,
C16orf58,META5,62,Ovary;Pituitary;Thyroid;Uterus,,
C16orf92,META5,62,,,
CCDC189,META5,62,Pituitary;Testis,,
CD2BP2,META5,62,,,
CORO1A,META5,62,,,
COX6A2,META5,62,,,Coronary Artery;Breast;Skeletal Muscle;Prostate;Skin Lower Leg;Thyroid
CTF1,META5,62,Ovary;Uterus,,
DCTPP1,META5,62,,,
DOC2A,META5,62,,Anterior Cingulate Cortex;Cortex;Testis,
FBRS,META5,62,,,
FBXL19,META5,62,,,
FUS,META5,62,,,
GDPD3,META5,62,,,
HIRIP3,META5,62,,,
HSD3B7,META5,62,,,
INO80E,META5,62,,,
ITGAD,META5,62,Spleen;Whole Blood,,
ITGAL,META5,62,Lymphocytes Cells;Spleen;Whole Blood,Thyroid,
ITGAM,META5,62,,,
ITGAX,META5,62,Spleen;Whole Blood,Adipose Subcutaneous,
KAT8,META5,62,Cerebral Hemisphere;  Cerebellum;Ovary,,
MAPK3,META5,62,,,
MYLPF,META5,62,,Testis,Adipose Subcutaneous;Tibial Artery;Tibial Nerve;Prostate;Skin Lower Leg;Thyroid;Whole Blood
NPIPB13,META5,62,,,
ORAI3,META5,62,,,
PHKG2,META5,62,,,
PPP4C,META5,62,Testis;Whole Blood,,
PRR14,META5,62,Cerebral Hemisphere;  Cerebellum;Spleen;Whole Blood,,
PRSS36,META5,62,Pituitary,Aorta Artery;Coronary Artery,
PRSS53,META5,62,,,
PRSS8,META5,62,,Breast;Sigmoid Colon;Transverse Colon;Prostate;Small Intestine;Stomach;Vagina,Breast;Sigmoid Colon;Transverse Colon;Esophagus Mucosa;Pancreas;Prostate;Skin Lower Leg;Small Intestine;Stomach;Vagina
PYCARD,META5,62,,,
PYDC1,META5,62,,Anterior Cingulate Cortex;Caudate;Cerebral Hemisphere;Cerebellum;Frontal Cortex;Hypothalamus;Putamen;Substantia nigra,Anterior Cingulate Cortex;Cerebral Hemisphere;Cerebellum;Hippocampus;Substantia nigra;Skin Suprapubic;Skin Lower Leg
RNF40,META5,62,,,
SEPHS2,META5,62,,,
SETD1A,META5,62,,,
SLC5A2,META5,62,,Cerebral Hemisphere;Hypothalamus;Sigmoid Colon;Transverse Colon;Lung;Pancreas;Testis,Cerebral Hemisphere;Hypothalamus;Lung;Pituitary;Testis
SRCAP,META5,62,Cerebral Hemisphere;  Cerebellum,,
STX1B,META5,62,,,
STX4,META5,62,,,
SULT1A3,META5,62,,,Frontal cortex
SULT1A4,META5,62,Small Intestine,,
TAOK2,META5,62,,,
TBC1D10B,META5,62,,,
TBX6,META5,62,,,
TGFB1I1,META5,62,,Stomach;Vagina,
TMEM219,META5,62,Testis,,
TRIM72,META5,62,Skeletal Muscle,,
VKORC1,META5,62,,,Cerebral Hemisphere;Lymphocytes Cells;Esophagogastric Junction;Pituitary
YPEL3,META5,62,,,
ZNF267,META5,62,Lymphocytes Cells,,
ZNF48,META5,62,,,
ZNF629,META5,62,,,
ZNF646,META5,62,,Lymphocytes Cells,Lymphocytes Cells
ZNF668,META5,62,,,
ZNF688,META5,62,,,
ZNF689,META5,62,,,
ZNF720,META5,62,,,
ZNF764,META5,62,Stomach;Testis,,
ZNF768,META5,62,,Fibroblasts Cells,
ZNF771,META5,62,,,
ZNF785,META5,62,,,
ZNF843,META5,62,,Ovary,Substantia nigra;Fibroblasts Cells;Pituitary
ADCY7,META5,63,,,
BRD7,META5,63,,,
CNEP1R1,META5,63,,,
CYLD,META5,63,Lymphocytes Cells,,
HEATR3,META5,63,,,
NKD1,META5,63,,Pituitary,
NOD2,META5,63,,Pituitary;Thyroid;Vagina,
SALL1,META5,63,,Hippocampus;Spinal cord;Substantia nigra;Pituitary;Uterus,Anterior Cingulate Cortex;Uterus
SNX20,META5,63,,Adipose Subcutaneous;Pituitary;Small Intestine;Thyroid,
TENT4B,META5,63,Tibial Artery;Testis,,
ZNF423,META5,63,,,
AKTIP,META5,64,,,
CHD9,META5,64,Cerebral Hemisphere;Lymphocytes Cells;Fibroblasts Cells,,
RBL2,META5,64,,,
RPGRIP1L,META5,64,,,
TOX3,META5,64,,Breast;Transverse Colon;Small Intestine,Cerebellum;Nucleus Accumbens;Transverse Colon;Pituitary;Small Intestine
AKTIP,META5,65,,,
CHD9,META5,65,Cerebral Hemisphere;Lymphocytes Cells;Fibroblasts Cells,,
FTO,META5,65,,,
RBL2,META5,65,,,
RPGRIP1L,META5,65,,,
TOX3,META5,65,,Breast;Transverse Colon;Small Intestine,Cerebellum;Nucleus Accumbens;Transverse Colon;Pituitary;Small Intestine
ACADVL,META5,66,,,
ACAP1,META5,66,Lymphocytes Cells;Spleen;Whole Blood,Small Intestine;Thyroid,
ALOX12,META5,66,,,
ALOX12B,META5,66,Skin Suprapubic;Skin Lower Leg,Amygdala;Anterior Cingulate Cortex;Caudate;Cortex;Frontal Cortex;Hypothalamus;Putamen;Prostate;Small Intestine,Cerebral Hemisphere;Cerebellum;Frontal cortex;Skin Suprapubic;Skin Lower Leg;Small Intestine;Testis
ALOX15B,META5,66,,Breast;Tibial Nerve;Prostate;Vagina,Adipose Subcutaneous;Lung;Tibial Nerve;Prostate;Skin Suprapubic;Skin Lower Leg;Spleen;Vagina
ALOXE3,META5,66,Skin Suprapubic;Skin Lower Leg,Anterior Cingulate Cortex;Caudate;Cerebellum;Cortex;Frontal Cortex;Putamen;Skin Suprapubic;Skin Lower Leg,Amygdala;Cerebellum;Esophagus Mucosa;Skin Suprapubic;Skin Lower Leg;Testis
ARHGEF15,META5,66,Adipose Subcutaneous;Visceral Adipose;Breast,Coronary Artery;Tibial Artery,
ASGR1,META5,66,,,
ASGR2,META5,66,Liver;Whole Blood,Adipose Subcutaneous;Aorta Artery;Coronary Artery,Visceral Adipose;Lung
ATP1B2,META5,66,,,
AURKB,META5,66,,Lymphocytes Cells;Fibroblasts Cells;Transverse Colon;Esophagus Mucosa;Tibial Nerve;Vagina,
BCL6B,META5,66,,Coronary Artery;Tibial Artery,
BORCS6,META5,66,Skin Lower Leg;Spleen,,
C17orf100,META5,66,,,
C17orf49,META5,66,,,Lymphocytes Cells;Testis
CD68,META5,66,,,
CHD3,META5,66,,,
CHRNB1,META5,66,,,
CLDN7,META5,66,,Coronary Artery;Breast;Sigmoid Colon;Transverse Colon;Small Intestine,
CLEC10A,META5,66,Visceral Adipose;Small Intestine,,
CNTROB,META5,66,,,
CTC1,META5,66,  Cerebellum;Small Intestine;Spleen,,
CTDNEP1,META5,66,Skeletal Muscle,,
CYB5D1,META5,66,Visceral Adipose;Pituitary;Thyroid,,
DLG4,META5,66,,,
DNAH2,META5,66,,Anterior Cingulate Cortex;Caudate;Cortex;Frontal Cortex;Putamen;Ovary;Pituitary;Testis,Amygdala;Caudate;Hippocampus;Nucleus Accumbens;Putamen;Ovary;Testis
DVL2,META5,66,,,
EFNB3,META5,66,Anterior Cingulate Cortex;Hypothalamus;Nucleus Accumbens,,
EIF4A1,META5,66,,,
EIF5A,META5,66,,,
ELP5,META5,66,,,
FBXO39,META5,66,Testis,Visceral Adipose;Breast;Esophagus Mucosa;Liver;Ovary;Testis;Uterus,Adipose Subcutaneous;Liver;Ovary;Testis
FGF11,META5,66,,,
FXR2,META5,66,,,
GUCY2D,META5,66,,,
HES7,META5,66,,Breast;Uterus,Amygdala;Cerebral Hemisphere;Cerebellum;Lymphocytes Cells
KCNAB3,META5,66,,Prostate,
KCTD11,META5,66,,,
KDM6B,META5,66,Visceral Adipose;Whole Blood,Lymphocytes Cells,
KIAA0753,META5,66,,,
MED31,META5,66,,,
MPDU1,META5,66,Adrenal Gland;Transverse Colon;Stomach,,
NAA38,META5,66,,,
NDEL1,META5,66,,,
NEURL4,META5,66,Cerebral Hemisphere;  Cerebellum,,
NLGN2,META5,66,,,
ODF4,META5,66,,,
PER1,META5,66,,Lymphocytes Cells,
PFAS,META5,66,Lymphocytes Cells,,
PHF23,META5,66,Adrenal Gland;Whole Blood,,
PITPNM3,META5,66,,,
POLR2A,META5,66,,,
RNASEK,META5,66,,,
RNF222,META5,66,Esophagus Mucosa;Skin Lower Leg;Vagina,,
RNF227,META5,66,,,
RPL26,META5,66,Lymphocytes Cells;Ovary,,
SAT2,META5,66,Adrenal Gland;Liver;Ovary,,
SENP3,META5,66,  Cerebellum;Testis,,
SHBG,META5,66,Liver;Testis,,Small Intestine;Testis;Uterus
SLC13A5,META5,66,,Cerebellum;Hypothalamus;Substantia nigra;Liver;Pituitary;Spleen,Anterior Cingulate Cortex;Cerebral Hemisphere;Cortex;Frontal cortex;Hippocampus;Spleen
SLC16A11,META5,66,Thyroid,Breast,
SLC16A13,META5,66,,Coronary Artery;Prostate,
SLC25A35,META5,66,Testis,,
SLC2A4,META5,66,Esophagogastric Junction;Esophagus Muscularis;Skeletal Muscle,Transverse Colon;Skin Suprapubic;Small Intestine;Vagina,
SLC35G6,META5,66,Testis,,
SOX15,META5,66,Esophagus Mucosa;Skin Suprapubic,,
SPEM1,META5,66,,,
SPEM2,META5,66,,,
TEKT1,META5,66,,Hippocampus;Pituitary;Testis,Hippocampus;Hypothalamus;Nucleus Accumbens;Pituitary;Testis
TMEM102,META5,66,,Transverse Colon,
TMEM107,META5,66,Pituitary;Testis,,
TMEM88,META5,66,Visceral Adipose;Heart Left Ventricle;Thyroid,Coronary Artery;Tibial Artery;Vagina,
TMEM95,META5,66,,,
TNFSF12,META5,66,Aorta Artery;Coronary Artery;Sigmoid Colon;Esophagogastric Junction;Esophagus Muscularis,,
TNFSF13,META5,66,,,
TNK1,META5,66,,,
TP53,META5,66,,,
TRAPPC1,META5,66,Lymphocytes Cells;Whole Blood,,
TXNDC17,META5,66,Esophagus Mucosa,,
WRAP53,META5,66,,,
XAF1,META5,66,Lymphocytes Cells;Ovary,,
YBX2,META5,66,,Transverse Colon;Testis,Adipose Subcutaneous;Visceral Adipose;Testis
ZBTB4,META5,66,,,
AARSD1,META5,67,,,Anterior Cingulate Cortex
ACLY,META5,67,,,
AOC2,META5,67,,,
AOC3,META5,67,,Skin Suprapubic;Stomach;Vagina,
ARL4D,META5,67,,Stomach,
ATP6V0A1,META5,67,,,
BECN1,META5,67,,,
BRCA1,META5,67,,,
C17orf113,META5,67,,,
CAVIN1,META5,67,,Liver,
CCR10,META5,67,,Adrenal Gland,
CNP,META5,67,,,
CNTD1,META5,67,,Stomach;Testis,Cerebellum;Prostate;Testis
CNTNAP1,META5,67,,,
COA3,META5,67,,,
COASY,META5,67,,,
DHX58,META5,67,,,
DHX8,META5,67,,,
DNAJC7,META5,67,,,
EIF1,META5,67,,,
ETV4,META5,67,,Breast,Lymphocytes Cells;Liver;Pancreas
EZH1,META5,67,,,
FKBP10,META5,67,,Liver,
G6PC,META5,67,,,
GHDC,META5,67,,,
HAP1,META5,67,,Uterus,Testis
HCRT,META5,67,,,
HSD17B1,META5,67,,,
IFI35,META5,67,,,
JUP,META5,67,,Vagina,
KAT2A,META5,67,,,
KCNH4,META5,67,,Amygdala;Anterior Cingulate Cortex;Caudate;Cortex;Frontal Cortex;Putamen;Small Intestine;Spleen,Visceral Adipose;Caudate;Nucleus Accumbens;Putamen;Breast;Pituitary;Small Intestine;Testis
KLHL10,META5,67,,Small Intestine;Testis;Vagina,Aorta Artery;Cerebellum;Testis;Vagina
KLHL11,META5,67,,,
KRT14,META5,67,,Breast;Vagina,Adipose Subcutaneous;Breast;Tibial Nerve;Skin Lower Leg;Testis;Vagina
KRT16,META5,67,,Tibial Nerve;Skin Suprapubic;Vagina,Aorta Artery;Coronary Artery;Tibial Artery;Skin Suprapubic;Skin Lower Leg;Vagina
KRT17,META5,67,,Breast;Transverse Colon;Lung;Skin Suprapubic;Vagina,Breast;Lung;Skin Suprapubic;Skin Lower Leg;Vagina
MEOX1,META5,67,,Coronary Artery;Tibial Artery;Skin Suprapubic;Stomach;Vagina,Adipose Subcutaneous;Transverse Colon;Tibial Nerve
MLX,META5,67,,,
NAGLU,META5,67,,,
NBR1,META5,67,,,
NKIRAS2,META5,67,,,
NT5C3B,META5,67,,,
P3H4,META5,67,,,
PLEKHH3,META5,67,,,
PSMC3IP,META5,67,,Lymphocytes Cells,Cerebral Hemisphere;Cerebellum;Lymphocytes Cells
PSME3,META5,67,,,
PTGES3L,META5,67,,Stomach,
RAB5C,META5,67,,,
RAMP2,META5,67,,Coronary Artery;Tibial Artery,
RETREG3,META5,67,,,
RND2,META5,67,,Stomach,
RPL27,META5,67,,,
RUNDC1,META5,67,,,
STAT3,META5,67,,Esophagus Muscularis,
STAT5A,META5,67,,,
STAT5B,META5,67,,,
TMEM106A,META5,67,,,
TTC25,META5,67,,Testis,
TUBG1,META5,67,,,
TUBG2,META5,67,,,
VAT1,META5,67,,,
VPS25,META5,67,,,
WNK4,META5,67,Transverse Colon;Esophagus Mucosa; Prostate,Visceral Adipose;Fibroblasts Cells;Transverse Colon;Ovary;Prostate;Small Intestine;Stomach,Visceral Adipose;Transverse Colon;Esophagogastric Junction;Esophagus Mucosa;Esophagus Muscularis;Ovary;Prostate;Small Intestine;Testis
ZNF385C,META5,67,,Breast;Uterus,Cerebral Hemisphere;Cerebellum;Skeletal Muscle;Pituitary;Uterus
ACBD4,META5,68,,,
ADAM11,META5,68,,,
ARL4D,META5,68,,Stomach,
ASB16,META5,68,,,
ATXN7L3,META5,68,,,
C17orf53,META5,68,,Fibroblasts Cells,Fibroblasts Cells
C1QL1,META5,68,,Adrenal Gland,Prostate
CCDC43,META5,68,,,
CD300LG,META5,68,,Coronary Artery;Tibial Artery;Ovary;Skin Suprapubic,Adipose Subcutaneous;Visceral Adipose;Breast
CFAP97D1,META5,68,,,
DBF4B,META5,68,,,
DCAKD,META5,68,,,
DHX8,META5,68,,,
DUSP3,META5,68,,,
EFTUD2,META5,68,,,
ETV4,META5,68,,Breast,Lymphocytes Cells;Liver;Pancreas
FAM171A2,META5,68,,Adrenal Gland,
FMNL1,META5,68,,,
FZD2,META5,68,,,
G6PC3,META5,68,,,
GFAP,META5,68,,Coronary Artery;Cerebellum;Breast;Pituitary,Anterior Cingulate Cortex;Caudate;Cerebral Hemisphere;Cerebellum;Pituitary
GJC1,META5,68,,Small Intestine;Stomach,
GPATCH8,META5,68,,,
GRN,META5,68,,,
HDAC5,META5,68,,,
HEXIM1,META5,68,,,
HEXIM2,META5,68,,,
HIGD1B,META5,68,,Coronary Artery,Cerebral Hemisphere
ITGA2B,META5,68,,Uterus,
KIF18B,META5,68,,Lymphocytes Cells;Fibroblasts Cells;Transverse Colon;Esophagus Mucosa;Skin Suprapubic;Spleen,Lymphocytes Cells;Fibroblasts Cells;Transverse Colon;Esophagus Mucosa;Lung;Skin Suprapubic;Skin Lower Leg;Small Intestine;Spleen;Testis
LSM12,META5,68,,,
MAP3K14,META5,68,,,
MEIOC,META5,68,,Amygdala;Anterior Cingulate Cortex;Caudate;Cerebral Hemisphere;Cerebellum;Frontal Cortex;Nucleus Accumbens;Putamen,Anterior Cingulate Cortex;Caudate;Cerebral Hemisphere;Putamen;Tibial Nerve;Testis
MEOX1,META5,68,,Coronary Artery;Tibial Artery;Skin Suprapubic;Stomach;Vagina,Adipose Subcutaneous;Transverse Colon;Tibial Nerve
MPP2,META5,68,,Adrenal Gland,
MPP3,META5,68,,,
NAGS,META5,68,,Small Intestine,
NBR1,META5,68,,,
NMT1,META5,68,,,
PLCD3,META5,68,,,
PPY,META5,68,,,
PYY,META5,68,,,
RUNDC3A,META5,68,,Substantia nigra,
SLC25A39,META5,68,,,
SLC4A1,META5,68,,,
SOST,META5,68,,,
SPATA32,META5,68,,,
TMEM101,META5,68,,,
TMEM106A,META5,68,,,
TMUB2,META5,68,,,
UBTF,META5,68,,,
ACBD4,META5,69,,,
ADAM11,META5,69,,,
ARHGAP27,META5,69,,,
ARL17A,META5,69,,,Amygdala;Sigmoid Colon;Transverse Colon
ARL17B,META5,69,,,Cerebellum;Transverse Colon;Uterus
C1QL1,META5,69,,Adrenal Gland,Prostate
CCDC43,META5,69,,,
CRHR1,META5,69,,,
DBF4B,META5,69,,,
DCAKD,META5,69,,,
EFTUD2,META5,69,,,
FMNL1,META5,69,,,
GFAP,META5,69,,Coronary Artery;Cerebellum;Breast;Pituitary,Anterior Cingulate Cortex;Caudate;Cerebral Hemisphere;Cerebellum;Pituitary
GJC1,META5,69,,Small Intestine;Stomach,
HEXIM1,META5,69,,,
HEXIM2,META5,69,,,
HIGD1B,META5,69,,Coronary Artery,Cerebral Hemisphere
KANSL1,META5,69,,,
KIF18B,META5,69,,Lymphocytes Cells;Fibroblasts Cells;Transverse Colon;Esophagus Mucosa;Skin Suprapubic;Spleen,Lymphocytes Cells;Fibroblasts Cells;Transverse Colon;Esophagus Mucosa;Lung;Skin Suprapubic;Skin Lower Leg;Small Intestine;Spleen;Testis
LRRC37A,META5,69,,,Esophagus Mucosa;Testis;Thyroid
LRRC37A2,META5,69,,,Lung;Testis;Vagina
MAP3K14,META5,69,,,
MAPT,META5,69,,,
MEIOC,META5,69,,Amygdala;Anterior Cingulate Cortex;Caudate;Cerebral Hemisphere;Cerebellum;Frontal Cortex;Nucleus Accumbens;Putamen,Anterior Cingulate Cortex;Caudate;Cerebral Hemisphere;Putamen;Tibial Nerve;Testis
NMT1,META5,69,,,
NSF,META5,69,,,
PLCD3,META5,69,,,
PLEKHM1,META5,69,,Pancreas,
SPATA32,META5,69,,,
SPPL2C,META5,69,,,
STH,META5,69,,,
ARL17A,META5,70,,,Amygdala;Sigmoid Colon;Transverse Colon
ARL17B,META5,70,,,Cerebellum;Transverse Colon;Uterus
CDC27,META5,70,,,
CRHR1,META5,70,,,
EFCAB13,META5,70,,,
GOSR2,META5,70,,,
ITGB3,META5,70,,Vagina,
KANSL1,META5,70,,,
KPNB1,META5,70,,,
LRRC37A,META5,70,,,Esophagus Mucosa;Testis;Thyroid
LRRC37A2,META5,70,,,Lung;Testis;Vagina
MAPT,META5,70,,,
MYL4,META5,70,,Tibial Artery;Skeletal Muscle;Stomach,Coronary Artery;Esophagogastric Junction;Prostate;Small Intestine;Spleen;Whole Blood
NPEPPS,META5,70,,,
NSF,META5,70,,,
RPRML,META5,70,,Amygdala;Anterior Cingulate Cortex;Caudate;Cortex;Frontal Cortex;Nucleus Accumbens;Putamen,Amygdala;Anterior Cingulate Cortex;Caudate;Cortex;Frontal cortex;Hippocampus;Nucleus Accumbens;Putamen
SPPL2C,META5,70,,,
STH,META5,70,,,
TBKBP1,META5,70,,,
TBX21,META5,70,,Visceral Adipose;Aorta Artery;Coronary Artery;Small Intestine;Thyroid,Liver;Vagina
WNT3,META5,70,,,Adrenal Gland;Skin Suprapubic;Skin Lower Leg
WNT9B,META5,70,,,
BCAS3,META5,71,,,
BRIP1,META5,71,,Lymphocytes Cells;Fibroblasts Cells;Esophagus Mucosa;Skin Suprapubic;Skin Lower Leg;Spleen;Testis,Lymphocytes Cells;Fibroblasts Cells;Esophagus Mucosa;Ovary;Skin Suprapubic;Small Intestine;Spleen;Testis
EFCAB3,META5,71,,,
INTS2,META5,71,,,
MARCH10,META5,71,,Anterior Cingulate Cortex;Cortex;Frontal Cortex;Putamen;Tibial Nerve;Testis,Amygdala;Caudate;Hippocampus;Hypothalamus;Nucleus Accumbens;Substantia nigra;Tibial Nerve;Testis
MED13,META5,71,,,
METTL2A,META5,71,,,
MRC2,META5,71,,,
NACA2,META5,71,,,
TBX2,META5,71,,Ovary;Pituitary;Skin Suprapubic;Vagina,
TBX4,META5,71,,,
TLK2,META5,71,,,
AFMID,META5,72,,,
BIRC5,META5,72,,,
C17orf99,META5,72,,,
C1QTNF1,META5,72,Coronary Artery;Tibial Artery,,
CANT1,META5,72,,,
CEP295NL,META5,72,,,
CYTH1,META5,72,,,
DNAH17,META5,72,,Cortex;Hippocampus;Spinal cord;Substantia nigra;Skin Suprapubic;Testis,Amygdala;Caudate;Cerebellum;Cortex;Hippocampus;Hypothalamus;Putamen;Spinal cord;Substantia nigra;Testis
ENGASE,META5,72,,,
LGALS3BP,META5,72,,,
PGS1,META5,72,,,
RBFOX3,META5,72,,Cortex;Frontal Cortex;Putamen,
SOCS3,META5,72,,,
SYNGR2,META5,72,,,
TIMP2,META5,72,,,
TK1,META5,72,,Lymphocytes Cells;Fibroblasts Cells,
TMC6,META5,72,,,
TMC8,META5,72,,Thyroid,
TMEM235,META5,72,,Amygdala;Cerebellum;Cortex;Hippocampus;Spinal cord;Substantia nigra,Amygdala;Anterior Cingulate Cortex;Caudate;Cerebral Hemisphere;Cerebellum;Cortex;Frontal cortex;Hippocampus;Hypothalamus;Nucleus Accumbens;Putamen;Substantia nigra
TNRC6C,META5,72,,,
USP36,META5,72,,,
ASXL3,META5,73,,Tibial Nerve;Ovary;Testis,Nucleus Accumbens
CCDC178,META5,73,,Adipose Subcutaneous;Visceral Adipose;Ovary;Spleen;Testis;Thyroid;Vagina,Adipose Subcutaneous;Visceral Adipose;Breast;Tibial Nerve;Pituitary;Spleen;Testis
DTNA,META5,73,,Skin Suprapubic,
KLHL14,META5,73,,Visceral Adipose;Cortex;Ovary;Small Intestine;Thyroid,Visceral Adipose;Ovary;Prostate;Small Intestine;Thyroid;Uterus
NOL4,META5,73,,Anterior Cingulate Cortex;Caudate;Cerebral Hemisphere;Cerebellum;Substantia nigra;Testis,Cortex;Hypothalamus;Putamen;Spinal cord;Pancreas;Pituitary;Testis
RIT2,META5,74,,Anterior Cingulate Cortex;Caudate;Cortex;Frontal Cortex;Putamen;Spinal cord;Substantia nigra,Anterior Cingulate Cortex;Caudate;Cerebral Hemisphere;Cerebellum;Frontal cortex;Hippocampus;Hypothalamus;Putamen;Spinal cord
SYT4,META5,74,,Anterior Cingulate Cortex;Caudate;Cerebellum;Cortex;Frontal Cortex;Putamen;Substantia nigra;Sigmoid Colon,Amygdala;Anterior Cingulate Cortex;Caudate;Cerebellum;Frontal cortex;Hypothalamus;Putamen;Substantia nigra;Sigmoid Colon;Pancreas
CFAP53,META5,75,,Thyroid,
CXXC1,META5,75,,,
ELAC1,META5,75,,Lung,
MAPK4,META5,75,,Pituitary;Skin Suprapubic;Stomach,
MBD1,META5,75,,,
ME2,META5,75,,,
MEX3C,META5,75,,,
MRO,META5,75,,Cerebellum;Small Intestine;Thyroid,
MYO5B,META5,75,,Breast;Transverse Colon;Small Intestine;Stomach,Breast;Transverse Colon;Small Intestine
SKA1,META5,75,,Lymphocytes Cells;Fibroblasts Cells;Esophagus Mucosa;Skin Suprapubic;Spleen,Adrenal Gland;Lymphocytes Cells;Fibroblasts Cells;Esophagus Mucosa;Skin Suprapubic;Skin Lower Leg;Small Intestine;Spleen;Testis
SMAD4,META5,75,,,
ABHD17A,META5,76,,,
ADAMTSL5,META5,76,,,
AMH,META5,76,,,Ovary
AP3D1,META5,76,,,
APC2,META5,76,,Hypothalamus,Caudate;Cerebral Hemisphere;Cerebellum;Hippocampus;Uterus
ATP8B3,META5,76,,Coronary Artery,Fibroblasts Cells;Testis
BTBD2,META5,76,,,
C19orf25,META5,76,,,
CELF5,META5,76,,Cortex;Frontal Cortex;Putamen;Spinal cord;Substantia nigra;Sigmoid Colon;Ovary,Anterior Cingulate Cortex;Caudate;Frontal cortex;Hypothalamus;Spinal cord;Ovary
CSNK1G2,META5,76,,,
DAZAP1,META5,76,,,
DIRAS1,META5,76,,Anterior Cingulate Cortex;Cortex;Frontal Cortex;Substantia nigra,Cerebral Hemisphere;Cerebellum;Cortex;Frontal cortex
DOT1L,META5,76,,,
GADD45B,META5,76,,Fibroblasts Cells,
GAMT,META5,76,,Thyroid,
GNA11,META5,76,,,
GNA15,META5,76,,Vagina,
GNG7,META5,76,,,
IZUMO4,META5,76,,Testis,
JSRP1,META5,76,,Hypothalamus;Transverse Colon;Skeletal Muscle;Small Intestine;Testis,Hypothalamus;Nucleus Accumbens;Transverse Colon;Lung;Skeletal Muscle;Small Intestine;Spleen;Testis
KLF16,META5,76,,,
LINGO3,META5,76,,Putamen;Small Intestine,Nucleus Accumbens;Substantia nigra;Lymphocytes Cells;Small Intestine
LMNB2,META5,76,,,
LSM7,META5,76,,,
MBD3,META5,76,,,
MEX3D,META5,76,,,
MKNK2,META5,76,,,
MOB3A,META5,76,,Pancreas,
NCLN,META5,76,,,
NDUFS7,META5,76,,,
OAZ1,META5,76,,,
ONECUT3,META5,76,,,
PCSK4,META5,76,,,
PEAK3,META5,76,,Esophagus Muscularis;Lung;Skin Lower Leg;Spleen;Whole Blood,Visceral Adipose;Heart Atrial Appendage;Tibial Nerve;Spleen;Whole Blood
PLEKHJ1,META5,76,,,
PLK5,META5,76,,Putamen;Spinal cord;Prostate;Uterus,Cortex;Frontal cortex;Hippocampus;Spinal cord;Prostate;Uterus
REEP6,META5,76,,,
REXO1,META5,76,,,
RPS15,META5,76,,,
S1PR4,META5,76,,Aorta Artery;Coronary Artery;Small Intestine,Small Intestine
SCAMP4,META5,76,,,
SF3A2,META5,76,,,
SGTA,META5,76,,,
SLC39A3,META5,76,,,
SPPL2B,META5,76,,,
TCF3,META5,76,,,
THOP1,META5,76,,,
TIMM13,META5,76,,,
TLE2,META5,76,,,
TLE6,META5,76,,,Testis
TMPRSS9,META5,76,,Esophagus Muscularis,Adrenal Gland;Spleen
UQCR11,META5,76,,,
ZNF554,META5,76,,,
ZNF555,META5,76,,,
ZNF556,META5,76,,,
ZNF57,META5,76,,,
ZNF77,META5,76,,,Pituitary
BMP2,META5,77,,Transverse Colon,Transverse Colon
CDS2,META5,77,,,
CHGB,META5,77,,Adrenal Gland;Anterior Cingulate Cortex;Cortex;Frontal Cortex;Sigmoid Colon,
CRLS1,META5,77,,,
FERMT1,META5,77,,Transverse Colon;Prostate;Vagina,Skin Suprapubic;Skin Lower Leg
GPCPD1,META5,77,,,
LRRN4,META5,77,,Visceral Adipose;Caudate;Nucleus Accumbens;Putamen;Pancreas,Visceral Adipose;Caudate;Nucleus Accumbens;Putamen;Lung;Pancreas
MCM8,META5,77,,,
PCNA,META5,77,,,
PROKR2,META5,77,,,
SHLD1,META5,77,,,
TMEM230,META5,77,,,
TRMT6,META5,77,,,
CLDN14,META5,78,,,
DYRK1A,META5,78,,,
ERG,META5,78,,Skin Suprapubic;Skin Lower Leg;Vagina,
HLCS,META5,78,,,
KCNJ15,META5,78,,Fibroblasts Cells;Esophagus Mucosa;Prostate;Stomach;Thyroid;Vagina,Adipose Subcutaneous;Breast;Pancreas;Prostate;Stomach;Thyroid;Vagina
KCNJ6,META5,78,,Amygdala;Anterior Cingulate Cortex;Cortex;Frontal Cortex;Hippocampus;Hypothalamus;Substantia nigra,Amygdala;Cerebral Hemisphere;Cortex;Frontal cortex;Hippocampus;Hypothalamus;Substantia nigra;Pituitary
PIGP,META5,78,,,
RIPPLY3,META5,78,,,
SIM2,META5,78,,,Nucleus Accumbens;Thyroid
TTC3,META5,78,,,
VPS26C,META5,78,,,
ADRA2A,Progression,1,Adipose Subcutaneous;Visceral Adipose;Breast,,
BBIP1,Progression,1,Testis,,Testis
DUSP5,Progression,1,Lymphocytes Cells;Esophagus Mucosa,,
GPAM,Progression,1,Adipose Subcutaneous;Visceral Adipose;Breast,Ovary,
MXI1,Progression,1,Tibial Artery;Esophagus Muscularis,,
PDCD4,Progression,1,Pancreas,,
RBM20,Progression,1,Heart Atrial Appendage;Heart Left Ventricle;Pancreas,,Esophagus Mucosa
SHOC2,Progression,1,Lymphocytes Cells;Fibroblasts Cells,,
SMC3,Progression,1,Lymphocytes Cells;Testis,,
SMNDC1,Progression,1,Lymphocytes Cells,,
ABCA1,Progression,2,Adrenal Gland,,
FKTN,Progression,2,Fibroblasts Cells,,
FSD1L,Progression,2,Hypothalamus; Spinal cord;Lymphocytes Cells,,
NIPSNAP3A,Progression,2,Adrenal Gland; Spinal cord,,
NIPSNAP3B,Progression,2,Skeletal Muscle,,
OR13D1,Progression,2,Testis,,
SLC44A1,Progression,2,Hippocampus; Spinal cord;Substantia nigra,Pituitary,
TAL2,Progression,2,Skeletal Muscle,,
TMEM38B,Progression,2,Tibial Artery;Skeletal Muscle,,
F2RL2,Asian,1,Sigmoid Colon;Esophagus Muscularis,,
HMGCR,Asian,1,Skin Suprapubic;Skin Lower Leg,,
ANKDD1B,Asian,1,Transverse Colon,Tibial Nerve,
IQGAP2,Asian,1,Liver;Testis,Skin Suprapubic,
F2RL1,Asian,1,Transverse Colon;Skin Suprapubic;Small Intestine,Breast;Transverse Colon;Small Intestine;Stomach;Vagina,Transverse Colon;Skin Lower Leg;Small Intestine
CRHBP,Asian,1,Hypothalamus;Liver;Spleen,,Putamen;Breast;Tibial Nerve;Uterus;Vagina
ZBED3,Asian,1,Adipose Subcutaneous;Breast;Uterus,,
AGGF1,Asian,1,Lymphocytes Cells;Testis,,
POLK,Asian,1,Lymphocytes Cells;Testis,,
COL4A3BP,Asian,1,Testis,,
POC5,Asian,1,Lymphocytes Cells;Testis,,
F2R,Asian,1,Aorta Artery;Coronary Artery,,
S100Z,Asian,1,Spleen;Whole Blood,,
PDE8B,Asian,1,Thyroid,,
SV2C,Asian,1,Caudate;Hypothalamus;Nucleus Accumbens; Putamen;Substantia nigra,Caudate;Frontal Cortex;Hypothalamus;Nucleus Accumbens;Putamen;Substantia nigra,Caudate;Frontal cortex;Hypothalamus;Nucleus Accumbens;Putamen;Substantia nigra
GALNT17,Asian,2,Cerebral Hemisphere;  Cerebellum;Cortex;Frontal cortex,Cortex,
CALN1,Asian,2,Cerebral Hemisphere;  Cerebellum,Anterior Cingulate Cortex;Caudate;Cerebral Hemisphere;Cerebellum;Cortex;Hippocampus;Nucleus Accumbens;Putamen,Adrenal Gland;Anterior Cingulate Cortex;Caudate;Cerebral Hemisphere;Cerebellum;Cortex;Hippocampus;Nucleus Accumbens;Putamen
AUTS2,Asian,2,Breast;Tibial Nerve,,
