ID,Chr,Start,End,locus number,REF,ALT,other associated disease,Func.refGene,Gene.refGene,GeneDetail.refGene,ExonicFunc.refGene,AAChange.refGene
rs2230288,1,155206167,155206167,1,C,T,Parkinson's disease,exonic,GBA,.,nonsynonymous SNV,"GBA:NM_001171811:exon7:c.G832A:p.E278K (E326K),GBA:NM_001171812:exon7:c.G946A:p.E316K,GBA:NM_000157:exon8:c.G1093A:p.E365K,GBA:NM_001005741:exon9:c.G1093A:p.E365K,GBA:NM_001005742:exon9:c.G1093A:p.E365K"
rs76763715,1,155205634,155205634,1,T,C,,exonic,GBA,.,nonsynonymous SNV,"GBA:NM_001171811:exon8:c.A965G:p.N322S (N370S),GBA:NM_001171812:exon8:c.A1079G:p.N360S,GBA:NM_000157:exon9:c.A1226G:p.N409S,GBA:NM_001005741:exon10:c.A1226G:p.N409S,GBA:NM_001005742:exon10:c.A1226G:p.N409S"
rs1801274,1,161479745,161479745,2,A,G,Ulcerative colitis,exonic,FCGR2A,.,nonsynonymous SNV,"FCGR2A:NM_001136219:exon4:c.A500G:p.H167R,FCGR2A:NM_021642:exon4:c.A497G:p.H166R"
rs12992066,2,95947085,95947085,8,A,G,,exonic,PROM2,.,nonsynonymous SNV,"PROM2:NM_001165977:exon12:c.A1523G:p.Q508R,PROM2:NM_001165978:exon12:c.A1523G:p.Q508R,PROM2:NM_001321070:exon12:c.A485G:p.Q162R,PROM2:NM_144707:exon12:c.A1523G:p.Q508R"
rs28365795,3,122259640,122259640,15,T,C,,exonic,PARP9,.,nonsynonymous SNV,"PARP9:NM_001146102:exon8:c.A1549G:p.I517V,PARP9:NM_001146103:exon8:c.A1444G:p.I482V,PARP9:NM_001146104:exon8:c.A1444G:p.I482V,PARP9:NM_001146105:exon8:c.A1444G:p.I482V,PARP9:NM_001146106:exon8:c.A1444G:p.I482V,PARP9:NM_031458:exon8:c.A1549G:p.I517V"
rs34006803,3,122277268,122277268,15,G,A,,exonic,PARP9,.,nonsynonymous SNV,"PARP9:NM_001146102:exon3:c.C62T:p.S21L,PARP9:NM_031458:exon3:c.C62T:p.S21L"
rs34173813,3,122060404,122060404,15,C,T,,exonic,CSTA,.,nonsynonymous SNV,CSTA:NM_005213:exon3:c.C287T:p.T96M
rs3732765,3,151090424,151090424,16,G,A,,exonic,MED12L,.,nonsynonymous SNV,MED12L:NM_053002:exon25:c.G3629A:p.R1210Q
rs2270968,3,182755209,182755209,18,T,G,Blood metabolite levels,exonic,MCCC1,.,nonsynonymous SNV,"MCCC1:NM_001293273:exon11:c.A1040C:p.H347P,MCCC1:NM_020166:exon13:c.A1391C:p.H464P"
rs34311866,4,951947,951947,19,T,C,Parkinson's disease,exonic,TMEM175,.,nonsynonymous SNV,TMEM175:NM_032326:exon11:c.T1178C:p.M393T
rs34884217,4,944210,944210,19,A,C,,exonic;splicing,TMEM175;TMEM175,NM_001297425:exon2:UTR5,nonsynonymous SNV,TMEM175:NM_032326:exon4:c.A194C:p.Q65P
rs3795243,4,17829990,17829990,21,G,C,,exonic,NCAPG,.,nonsynonymous SNV,NCAPG:NM_022346:exon12:c.G1743C:p.M581I
rs34813,5,102433409,102433409,27,G,A,,exonic,GIN1,.,nonsynonymous SNV,"GIN1:NM_001317954:exon4:c.C275T:p.T92M,GIN1:NM_017676:exon5:c.C716T:p.T239M"
rs12657663,5,134076812,134076812,28,G,A,,exonic,CAMLG,.,nonsynonymous SNV,CAMLG:NM_001745:exon2:c.G232A:p.V78I
rs757259,6,30115542,30115542,30,G,A,,exonic,TRIM40,.,nonsynonymous SNV,"TRIM40:NM_138700:exon5:c.G643A:p.E215K,TRIM40:NM_001286633:exon6:c.G730A:p.E244K"
rs757262,6,30114955,30114955,30,C,T,,exonic,TRIM40,.,nonsynonymous SNV,"TRIM40:NM_138700:exon3:c.C548T:p.T183M,TRIM40:NM_001286633:exon4:c.C635T:p.T212M"
rs929156,6,30139699,30139699,30,G,A,,exonic,TRIM15,.,nonsynonymous SNV,TRIM15:NM_033229:exon7:c.G971A:p.S324N
rs9272785,6,32610401,32610401,31,G,A,,exonic,HLA-DQA1,.,nonsynonymous SNV,HLA-DQA1:NM_002122:exon4:c.G628A:p.A210T
rs41286192,6,133118216,133118216,34,A,G,,exonic,SLC18B1,.,nonsynonymous SNV,SLC18B1:NM_052831:exon2:c.T88C:p.S30P
rs1785506,9,34017106,34017106,42,C,T,,exonic,UBAP2,.,nonsynonymous SNV,UBAP2:NM_018449:exon2:c.G41A:p.R14Q
rs307658,9,33941759,33941759,42,T,C,,exonic,UBAP2,.,nonsynonymous SNV,UBAP2:NM_018449:exon16:c.A1817G:p.N606S
rs2234962,10,121429633,121429633,45,T,C,Idiopathic dilated cardiomyopathy,exonic,BAG3,.,nonsynonymous SNV,BAG3:NM_004281:exon2:c.T451C:p.C151R
rs34637584,12,40734202,40734202,49,G,A,Parkinson's disease,exonic,LRRK2,.,nonsynonymous SNV,LRRK2:NM_198578:exon41:c.G6055A:p.G2019S
rs7315731,12,46321514,46321514,50,A,T,,exonic,SCAF11,.,nonsynonymous SNV,SCAF11:NM_004719:exon11:c.T1970A:p.F657Y
rs7144658,14,38061742,38061742,55,C,T,,exonic,FOXA1,.,nonsynonymous SNV,FOXA1:NM_004496:exon2:c.G247A:p.A83T
rs2904880,16,28944396,28944396,61,C,G,Intelligence (MTAG),exonic,CD19,.,nonsynonymous SNV,"CD19:NM_001178098:exon3:c.C520G:p.L174V,CD19:NM_001770:exon3:c.C520G:p.L174V"
rs7498665,16,28883241,28883241,61,A,G,Obesity,exonic,SH2B1,.,nonsynonymous SNV,"SH2B1:NM_001308294:exon5:c.A442G:p.T148A,SH2B1:NM_015503:exon5:c.A1450G:p.T484A,SH2B1:NM_001145795:exon6:c.A1450G:p.T484A,SH2B1:NM_001145796:exon6:c.A1450G:p.T484A,SH2B1:NM_001145797:exon6:c.A1450G:p.T484A,SH2B1:NM_001145812:exon6:c.A1450G:p.T484A,SH2B1:NM_001308293:exon8:c.A1450G:p.T484A"
rs35675346,16,30936081,30936081,62,G,A,,exonic,FBXL19,.,nonsynonymous SNV,FBXL19:NM_001099784:exon1:c.G28A:p.E10K
rs35713203,16,31090407,31090407,62,G,C,,exonic,ZNF646,.,nonsynonymous SNV,ZNF646:NM_014699:exon2:c.G2762C:p.G921A
rs7196726,16,31092075,31092075,62,G,A,,exonic,ZNF646,.,nonsynonymous SNV,ZNF646:NM_014699:exon2:c.G4430A:p.G1477D
rs7199949,16,31096164,31096164,62,G,C,,exonic,PRSS53,.,nonsynonymous SNV,PRSS53:NM_001039503:exon8:c.C1216G:p.P406A
rs9938550,16,30999142,30999142,62,A,G,Irritable mood,exonic,HSD3B7,.,nonsynonymous SNV,HSD3B7:NM_025193:exon7:c.A748G:p.T250A
rs665268,17,40722029,40722029,67,A,G,Type 2 diabetes,exonic,MLX,.,nonsynonymous SNV,"MLX:NM_198205:exon6:c.A416G:p.Q139R,MLX:NM_170607:exon7:c.A668G:p.Q223R,MLX:NM_198204:exon7:c.A506G:p.Q169R"
rs5911,17,42453065,42453065,68,A,C,,exonic,ITGA2B,.,nonsynonymous SNV,ITGA2B:NM_000419:exon26:c.T2621G:p.I874S
rs12185233,17,43923654,43923654,69,G,C,Waist-to-hip ratio adjusted for BMI,exonic,SPPL2C,.,nonsynonymous SNV,SPPL2C:NM_175882:exon1:c.G1382C:p.R461P
rs12185268,17,43923683,43923683,69,A,G,Parkinson's disease,exonic,SPPL2C,.,nonsynonymous SNV,SPPL2C:NM_175882:exon1:c.A1411G:p.I471V
rs12373123,17,43924073,43924073,69,T,C,,exonic,SPPL2C,.,nonsynonymous SNV,SPPL2C:NM_175882:exon1:c.T1801C:p.S601P
rs12373139,17,43924130,43924130,69,G,A,,exonic,SPPL2C,.,nonsynonymous SNV,SPPL2C:NM_175882:exon1:c.G1858A:p.G620R
rs12373142,17,43924200,43924200,69,C,G,Chronic obstructive pulmonary disease,exonic,SPPL2C,.,nonsynonymous SNV,SPPL2C:NM_175882:exon1:c.C1928G:p.P643R
rs16940681,17,43912159,43912159,69,G,C,,exonic,LINC02210-CRHR1,.,nonsynonymous SNV,LINC02210-CRHR1:NM_001303016:exon13:c.G838C:p.E280Q
rs62054815,17,43923266,43923266,69,G,A,,exonic,SPPL2C,.,nonsynonymous SNV,SPPL2C:NM_175882:exon1:c.G994A:p.A332T
rs62621252,17,43922942,43922942,69,T,C,,exonic,SPPL2C,.,nonsynonymous SNV,SPPL2C:NM_175882:exon1:c.T670C:p.S224P
rs61742072,17,76433899,76433899,72,G,A,,exonic,DNAH17,.,nonsynonymous SNV,DNAH17:NM_173628:exon74:c.C11857T:p.H3953Y
rs2282632,18,31320229,31320229,73,A,G,,exonic,ASXL3,.,nonsynonymous SNV,ASXL3:NM_030632:exon11:c.A2861G:p.N954S
rs7232237,18,31324934,31324934,73,A,G,,exonic,ASXL3,.,nonsynonymous SNV,ASXL3:NM_030632:exon12:c.A5122G:p.M1708V
rs41282950,20,6011934,6011934,77,C,T,,exonic,CRLS1,.,nonsynonymous SNV,"CRLS1:NM_019095:exon4:c.C578T:p.P193L,CRLS1:NM_001127458:exon4:c.C281T:p.P94L,CRLS1:NM_001323561:exon4:c.C245T:p.P82L,CRLS1:NM_001323562:exon4:c.C245T:p.P82L,CRLS1:NM_001323563:exon4:c.C245T:p.P82L,CRLS1:NM_001323564:exon4:c.C245T:p.P82L"
rs6085343,20,5986950,5986950,77,G,A,,exonic,CRLS1,.,nonsynonymous SNV,CRLS1:NM_019095:exon1:c.G58A:p.A20T
rs6107751,20,6033033,6033033,77,G,A,,exonic,LRRN4,.,nonsynonymous SNV,LRRN4:NM_152611:exon2:c.C413T:p.P138L