GENE,LOC_NUM,RSID,QTL-brain,QTL-blood,QTL-correl,GWAS
ADAM15,1,rs114138760,0,0,NA,META5
ADAM15,1,rs35749011,0,1,0,META5
ADAM15,1,rs76763715,0,0,NA,META5
ADAR,1,rs114138760,0,0,NA,META5
ADAR,1,rs35749011,0,0,NA,META5
ADAR,1,rs76763715,0,0,NA,META5
AQP10,1,rs114138760,0,0,NA,META5
AQP10,1,rs35749011,0,0,NA,META5
AQP10,1,rs76763715,0,0,NA,META5
ARHGEF2,1,rs114138760,0,0,NA,META5
ARHGEF2,1,rs35749011,0,0,NA,META5
ARHGEF2,1,rs76763715,0,0,NA,META5
ASH1L,1,rs114138760,0,0,NA,META5
ASH1L,1,rs35749011,0,0,NA,META5
ASH1L,1,rs76763715,0,0,NA,META5
ASH1L-AS1,1,rs114138760,0,0,NA,META5
ASH1L-AS1,1,rs35749011,0,0,NA,META5
ASH1L-AS1,1,rs76763715,0,0,NA,META5
ATP8B2,1,rs114138760,0,0,NA,META5
ATP8B2,1,rs35749011,0,0,NA,META5
ATP8B2,1,rs76763715,0,0,NA,META5
C1orf189,1,rs114138760,0,0,NA,META5
C1orf189,1,rs35749011,0,0,NA,META5
C1orf189,1,rs76763715,0,0,NA,META5
C1orf43,1,rs114138760,0,0,NA,META5
C1orf43,1,rs35749011,0,0,NA,META5
C1orf43,1,rs76763715,0,0,NA,META5
CHRNB2,1,rs114138760,0,0,NA,META5
CHRNB2,1,rs35749011,0,0,NA,META5
CHRNB2,1,rs76763715,0,0,NA,META5
CKS1B,1,rs114138760,0,0,NA,META5
CKS1B,1,rs35749011,0,0,NA,META5
CKS1B,1,rs76763715,0,0,NA,META5
CLK2,1,rs114138760,0,0,NA,META5
CLK2,1,rs35749011,0,0,NA,META5
CLK2,1,rs76763715,0,0,NA,META5
CREB3L4,1,rs114138760,0,0,NA,META5
CREB3L4,1,rs35749011,0,0,NA,META5
CREB3L4,1,rs76763715,0,0,NA,META5
CRTC2,1,rs114138760,0,0,NA,META5
CRTC2,1,rs35749011,0,0,NA,META5
CRTC2,1,rs76763715,0,0,NA,META5
DAP3,1,rs114138760,0,0,NA,META5
DAP3,1,rs35749011,0,0,NA,META5
DAP3,1,rs76763715,0,0,NA,META5
DCST1,1,rs114138760,0,0,NA,META5
DCST1,1,rs35749011,0,0,NA,META5
DCST1,1,rs76763715,0,0,NA,META5
DCST1-AS1,1,rs114138760,0,0,NA,META5
DCST1-AS1,1,rs35749011,0,0,NA,META5
DCST1-AS1,1,rs76763715,0,0,NA,META5
DCST2,1,rs114138760,0,0,NA,META5
DCST2,1,rs35749011,0,0,NA,META5
DCST2,1,rs76763715,0,0,NA,META5
DENND4B,1,rs114138760,0,0,NA,META5
DENND4B,1,rs35749011,0,0,NA,META5
DENND4B,1,rs76763715,0,0,NA,META5
DPM3,1,rs114138760,0,0,NA,META5
DPM3,1,rs35749011,0,0,NA,META5
DPM3,1,rs76763715,0,0,NA,META5
EFNA1,1,rs114138760,0,0,NA,META5
EFNA1,1,rs35749011,0,0,NA,META5
EFNA1,1,rs76763715,0,0,NA,META5
EFNA3,1,rs114138760,0,0,NA,META5
EFNA3,1,rs35749011,0,0,NA,META5
EFNA3,1,rs76763715,0,0,NA,META5
EFNA4,1,rs114138760,0,0,NA,META5
EFNA4,1,rs35749011,0,0,NA,META5
EFNA4,1,rs76763715,0,0,NA,META5
FAM189B,1,rs114138760,0,0,NA,META5
FAM189B,1,rs35749011,0,0,NA,META5
FAM189B,1,rs76763715,0,0,NA,META5
FDPS,1,rs114138760,0,0,NA,META5
FDPS,1,rs35749011,0,0,NA,META5
FDPS,1,rs76763715,0,0,NA,META5
FLAD1,1,rs114138760,0,0,NA,META5
FLAD1,1,rs35749011,1,0,1,META5
FLAD1,1,rs76763715,0,0,NA,META5
GBA,1,rs114138760,0,0,NA,META5
GBA,1,rs35749011,0,1,0,META5
GBA,1,rs76763715,0,0,NA,META5
GBAP1,1,rs114138760,0,0,NA,META5
GBAP1,1,rs35749011,0,1,0,META5
GBAP1,1,rs76763715,0,0,NA,META5
GON4L,1,rs114138760,0,0,NA,META5
GON4L,1,rs35749011,0,0,NA,META5
GON4L,1,rs76763715,0,0,NA,META5
HAX1,1,rs114138760,0,0,NA,META5
HAX1,1,rs35749011,0,0,NA,META5
HAX1,1,rs76763715,0,0,NA,META5
HCN3,1,rs114138760,0,0,NA,META5
HCN3,1,rs35749011,0,1,0,META5
HCN3,1,rs76763715,0,0,NA,META5
IL6R,1,rs114138760,0,0,NA,META5
IL6R,1,rs35749011,0,0,NA,META5
IL6R,1,rs76763715,0,0,NA,META5
IL6R-AS1,1,rs114138760,0,0,NA,META5
IL6R-AS1,1,rs35749011,0,0,NA,META5
IL6R-AS1,1,rs76763715,0,0,NA,META5
JTB,1,rs114138760,0,0,NA,META5
JTB,1,rs35749011,0,0,NA,META5
JTB,1,rs76763715,0,0,NA,META5
KCNN3,1,rs114138760,0,0,NA,META5
KCNN3,1,rs35749011,0,0,NA,META5
KCNN3,1,rs76763715,0,0,NA,META5
KHDC4,1,rs114138760,0,0,NA,META5
KHDC4,1,rs35749011,0,0,NA,META5
KHDC4,1,rs76763715,0,0,NA,META5
KRTCAP2,1,rs114138760,0,0,NA,META5
KRTCAP2,1,rs35749011,1,0,0,META5
KRTCAP2,1,rs76763715,0,0,NA,META5
LAMTOR2,1,rs114138760,0,0,NA,META5
LAMTOR2,1,rs35749011,0,0,NA,META5
LAMTOR2,1,rs76763715,0,0,NA,META5
LENEP,1,rs114138760,0,0,NA,META5
LENEP,1,rs35749011,0,0,NA,META5
LENEP,1,rs76763715,0,0,NA,META5
LMNA,1,rs114138760,0,0,NA,META5
LMNA,1,rs35749011,0,0,NA,META5
LMNA,1,rs76763715,0,0,NA,META5
LOC101928120,1,rs114138760,0,0,NA,META5
LOC101928120,1,rs35749011,0,0,NA,META5
LOC101928120,1,rs76763715,0,0,NA,META5
MEX3A,1,rs114138760,0,0,NA,META5
MEX3A,1,rs35749011,0,0,NA,META5
MEX3A,1,rs76763715,0,0,NA,META5
MIR190B,1,rs114138760,0,0,NA,META5
MIR190B,1,rs35749011,0,0,NA,META5
MIR190B,1,rs76763715,0,0,NA,META5
MIR4258,1,rs114138760,0,0,NA,META5
MIR4258,1,rs35749011,0,0,NA,META5
MIR4258,1,rs76763715,0,0,NA,META5
MIR555,1,rs114138760,0,0,NA,META5
MIR555,1,rs35749011,0,0,NA,META5
MIR555,1,rs76763715,0,0,NA,META5
MIR5698,1,rs114138760,0,0,NA,META5
MIR5698,1,rs35749011,0,0,NA,META5
MIR5698,1,rs76763715,0,0,NA,META5
MIR6737,1,rs114138760,0,0,NA,META5
MIR6737,1,rs35749011,0,0,NA,META5
MIR6737,1,rs76763715,0,0,NA,META5
MIR6738,1,rs114138760,0,0,NA,META5
MIR6738,1,rs35749011,0,0,NA,META5
MIR6738,1,rs76763715,0,0,NA,META5
MIR92B,1,rs114138760,0,0,NA,META5
MIR92B,1,rs35749011,0,0,NA,META5
MIR92B,1,rs76763715,0,0,NA,META5
MSTO1,1,rs114138760,0,0,NA,META5
MSTO1,1,rs35749011,0,0,NA,META5
MSTO1,1,rs76763715,0,0,NA,META5
MSTO2P,1,rs114138760,0,0,NA,META5
MSTO2P,1,rs35749011,0,1,0,META5
MSTO2P,1,rs76763715,0,0,NA,META5
MTX1,1,rs114138760,0,0,NA,META5
MTX1,1,rs35749011,0,0,NA,META5
MTX1,1,rs76763715,0,0,NA,META5
MUC1,1,rs114138760,0,0,NA,META5
MUC1,1,rs35749011,0,0,NA,META5
MUC1,1,rs76763715,0,0,NA,META5
NUP210L,1,rs114138760,0,0,NA,META5
NUP210L,1,rs35749011,0,0,NA,META5
NUP210L,1,rs76763715,0,0,NA,META5
PBXIP1,1,rs114138760,0,0,NA,META5
PBXIP1,1,rs35749011,0,0,NA,META5
PBXIP1,1,rs76763715,0,0,NA,META5
PKLR,1,rs114138760,0,0,NA,META5
PKLR,1,rs35749011,0,0,NA,META5
PKLR,1,rs76763715,0,0,NA,META5
PMF1,1,rs114138760,0,0,NA,META5
PMF1,1,rs35749011,0,0,NA,META5
PMF1,1,rs76763715,0,0,NA,META5
PMF1-BGLAP,1,rs114138760,0,0,NA,META5
PMF1-BGLAP,1,rs35749011,0,0,NA,META5
PMF1-BGLAP,1,rs76763715,0,0,NA,META5
PMVK,1,rs114138760,0,0,NA,META5
PMVK,1,rs35749011,0,0,NA,META5
PMVK,1,rs76763715,0,0,NA,META5
POU5F1P4,1,rs114138760,0,0,NA,META5
POU5F1P4,1,rs35749011,0,0,NA,META5
POU5F1P4,1,rs76763715,0,0,NA,META5
PYGO2,1,rs114138760,0,0,NA,META5
PYGO2,1,rs35749011,0,0,NA,META5
PYGO2,1,rs76763715,0,0,NA,META5
RAB13,1,rs114138760,0,0,NA,META5
RAB13,1,rs35749011,0,0,NA,META5
RAB13,1,rs76763715,0,0,NA,META5
RAB25,1,rs114138760,0,0,NA,META5
RAB25,1,rs35749011,0,0,NA,META5
RAB25,1,rs76763715,0,0,NA,META5
RIT1,1,rs114138760,0,0,NA,META5
RIT1,1,rs35749011,0,0,NA,META5
RIT1,1,rs76763715,0,0,NA,META5
RPS27,1,rs114138760,0,0,NA,META5
RPS27,1,rs35749011,0,0,NA,META5
RPS27,1,rs76763715,0,0,NA,META5
RUSC1,1,rs114138760,0,0,NA,META5
RUSC1,1,rs35749011,0,0,NA,META5
RUSC1,1,rs76763715,0,0,NA,META5
RUSC1-AS1,1,rs114138760,0,0,NA,META5
RUSC1-AS1,1,rs35749011,0,0,NA,META5
RUSC1-AS1,1,rs76763715,0,0,NA,META5
RXFP4,1,rs114138760,0,0,NA,META5
RXFP4,1,rs35749011,0,0,NA,META5
RXFP4,1,rs76763715,0,0,NA,META5
SCAMP3,1,rs114138760,0,0,NA,META5
SCAMP3,1,rs35749011,0,0,NA,META5
SCAMP3,1,rs76763715,0,0,NA,META5
SCARNA26A,1,rs114138760,0,0,NA,META5
SCARNA26A,1,rs35749011,0,0,NA,META5
SCARNA26A,1,rs76763715,0,0,NA,META5
SCARNA26B,1,rs114138760,0,0,NA,META5
SCARNA26B,1,rs35749011,0,0,NA,META5
SCARNA26B,1,rs76763715,0,0,NA,META5
SCARNA4,1,rs114138760,0,0,NA,META5
SCARNA4,1,rs35749011,0,0,NA,META5
SCARNA4,1,rs76763715,0,0,NA,META5
SEMA4A,1,rs114138760,0,0,NA,META5
SEMA4A,1,rs35749011,0,1,0,META5
SEMA4A,1,rs76763715,0,0,NA,META5
SHC1,1,rs114138760,0,0,NA,META5
SHC1,1,rs35749011,0,0,NA,META5
SHC1,1,rs76763715,0,0,NA,META5
SHE,1,rs114138760,0,0,NA,META5
SHE,1,rs35749011,0,0,NA,META5
SHE,1,rs76763715,0,0,NA,META5
SLC25A44,1,rs114138760,0,0,NA,META5
SLC25A44,1,rs35749011,0,0,NA,META5
SLC25A44,1,rs76763715,0,0,NA,META5
SLC39A1,1,rs114138760,0,0,NA,META5
SLC39A1,1,rs35749011,0,0,NA,META5
SLC39A1,1,rs76763715,0,0,NA,META5
SLC50A1,1,rs114138760,0,0,NA,META5
SLC50A1,1,rs35749011,0,0,NA,META5
SLC50A1,1,rs76763715,0,0,NA,META5
SNORA58B,1,rs114138760,0,0,NA,META5
SNORA58B,1,rs35749011,0,0,NA,META5
SNORA58B,1,rs76763715,0,0,NA,META5
SNORA80E,1,rs114138760,0,0,NA,META5
SNORA80E,1,rs35749011,0,0,NA,META5
SNORA80E,1,rs76763715,0,0,NA,META5
SSR2,1,rs114138760,0,0,NA,META5
SSR2,1,rs35749011,0,0,NA,META5
SSR2,1,rs76763715,0,0,NA,META5
SYT11,1,rs114138760,0,0,NA,META5
SYT11,1,rs35749011,0,1,0,META5
SYT11,1,rs76763715,0,0,NA,META5
TDRD10,1,rs114138760,0,0,NA,META5
TDRD10,1,rs35749011,0,0,NA,META5
TDRD10,1,rs76763715,0,0,NA,META5
THBS3,1,rs114138760,0,0,NA,META5
THBS3,1,rs35749011,0,1,0,META5
THBS3,1,rs76763715,0,0,NA,META5
TPM3,1,rs114138760,0,0,NA,META5
TPM3,1,rs35749011,0,0,NA,META5
TPM3,1,rs76763715,0,0,NA,META5
TRIM46,1,rs114138760,0,0,NA,META5
TRIM46,1,rs35749011,0,0,NA,META5
TRIM46,1,rs76763715,0,0,NA,META5
UBAP2L,1,rs114138760,0,0,NA,META5
UBAP2L,1,rs35749011,0,0,NA,META5
UBAP2L,1,rs76763715,0,0,NA,META5
UBE2Q1,1,rs114138760,0,0,NA,META5
UBE2Q1,1,rs35749011,0,0,NA,META5
UBE2Q1,1,rs76763715,0,0,NA,META5
UBE2Q1-AS1,1,rs114138760,0,0,NA,META5
UBE2Q1-AS1,1,rs35749011,0,0,NA,META5
UBE2Q1-AS1,1,rs76763715,0,0,NA,META5
UBQLN4,1,rs114138760,0,0,NA,META5
UBQLN4,1,rs35749011,0,0,NA,META5
UBQLN4,1,rs76763715,0,0,NA,META5
YY1AP1,1,rs114138760,0,0,NA,META5
YY1AP1,1,rs35749011,0,1,0,META5
YY1AP1,1,rs76763715,0,0,NA,META5
ZBTB7B,1,rs114138760,0,0,NA,META5
ZBTB7B,1,rs35749011,0,0,NA,META5
ZBTB7B,1,rs76763715,0,0,NA,META5
ACMSD,10,rs57891859,0,0,NA,META5
CCNT2,10,rs57891859,1,0,0,META5
CCNT2-AS1,10,rs57891859,0,0,NA,META5
MAP3K19,10,rs57891859,0,0,NA,META5
MGAT5,10,rs57891859,0,0,NA,META5
MIR128-1,10,rs57891859,0,0,NA,META5
MIR3679,10,rs57891859,0,0,NA,META5
MIR5590,10,rs57891859,0,0,NA,META5
R3HDM1,10,rs57891859,0,0,NA,META5
RAB3GAP1,10,rs57891859,0,0,NA,META5
SNORA40B,10,rs57891859,0,0,NA,META5
TMEM163,10,rs57891859,1,1,1,META5
ZRANB3,10,rs57891859,0,0,NA,META5
ABCB11,11,rs1474055,0,0,NA,META5
B3GALT1,11,rs1474055,0,0,NA,META5
CERS6,11,rs1474055,0,0,NA,META5
CERS6-AS1,11,rs1474055,0,0,NA,META5
DHRS9,11,rs1474055,1,0,0,META5
G6PC2,11,rs1474055,1,0,1,META5
LOC105616981,11,rs1474055,0,0,NA,META5
LRP2,11,rs1474055,0,0,NA,META5
MIR4774,11,rs1474055,0,0,NA,META5
NOSTRIN,11,rs1474055,0,0,NA,META5
SPC25,11,rs1474055,0,0,NA,META5
STK39,11,rs1474055,1,1,1,META5
XIRP2,11,rs1474055,0,0,NA,META5
KCNH8,12,rs73038319,0,0,NA,META5
LOC105376975,12,rs73038319,0,0,NA,META5
LOC339862,12,rs73038319,0,0,NA,META5
MIR4791,12,rs73038319,0,0,NA,META5
SATB1,12,rs73038319,0,0,NA,META5
SATB1-AS1,12,rs73038319,0,0,NA,META5
TBC1D5,12,rs73038319,0,0,NA,META5
AZI2,13,rs6808178,0,0,NA,META5
CMC1,13,rs6808178,0,0,NA,META5
EOMES,13,rs6808178,0,0,NA,META5
LINC00693,13,rs6808178,0,0,NA,META5
LINC01980,13,rs6808178,0,0,NA,META5
LINC01981,13,rs6808178,0,0,NA,META5
RBMS3,13,rs6808178,0,0,NA,META5
RBMS3-AS3,13,rs6808178,0,0,NA,META5
ZCWPW2,13,rs6808178,0,0,NA,META5
AMT,14,rs12497850,1,1,1,META5
APEH,14,rs12497850,1,0,0,META5
ARIH2,14,rs12497850,1,1,1,META5
ARIH2OS,14,rs12497850,0,0,NA,META5
ATRIP,14,rs12497850,1,1,0,META5
ATRIP-TREX1,14,rs12497850,0,0,NA,META5
BSN,14,rs12497850,1,0,0,META5
BSN-DT,14,rs12497850,0,0,NA,META5
C3orf62,14,rs12497850,1,1,1,META5
C3orf84,14,rs12497850,0,0,NA,META5
CAMP,14,rs12497850,1,0,0,META5
CCDC36,14,rs12497850,1,0,0,META5
CCDC51,14,rs12497850,1,0,0,META5
CCDC71,14,rs12497850,1,1,1,META5
CDC25A,14,rs12497850,1,1,1,META5
CELSR3,14,rs12497850,1,1,0,META5
COL7A1,14,rs12497850,1,0,0,META5
DAG1,14,rs12497850,0,1,0,META5
DALRD3,14,rs12497850,1,1,1,META5
DHX30,14,rs12497850,0,0,NA,META5
FBXW12,14,rs12497850,1,0,0,META5
FCF1P2,14,rs12497850,0,1,1,META5
GPX1,14,rs12497850,1,0,0,META5
IMPDH2,14,rs12497850,0,0,NA,META5
IP6K2,14,rs12497850,1,1,0,META5
KLHDC8B,14,rs12497850,1,1,0,META5
LAMB2,14,rs12497850,0,1,1,META5
LAMB2P1,14,rs12497850,0,0,NA,META5
LINC02585,14,rs12497850,0,0,NA,META5
MAP4,14,rs12497850,0,0,NA,META5
MIR1226,14,rs12497850,0,0,NA,META5
MIR191,14,rs12497850,0,0,NA,META5
MIR2115,14,rs12497850,0,0,NA,META5
MIR425,14,rs12497850,0,0,NA,META5
MIR4271,14,rs12497850,0,0,NA,META5
MIR4443,14,rs12497850,0,0,NA,META5
MIR4793,14,rs12497850,1,0,0,META5
MIR6823,14,rs12497850,0,0,NA,META5
MIR6824,14,rs12497850,0,0,NA,META5
MIR6890,14,rs12497850,0,0,NA,META5
MIR711,14,rs12497850,1,0,0,META5
MST1,14,rs12497850,0,0,NA,META5
NCKIPSD,14,rs12497850,1,1,1,META5
NDUFAF3,14,rs12497850,1,1,1,META5
NICN1,14,rs12497850,1,1,1,META5
NME6,14,rs12497850,1,1,1,META5
P4HTM,14,rs12497850,1,1,1,META5
PFKFB4,14,rs12497850,0,1,0,META5
PLXNB1,14,rs12497850,1,0,0,META5
PRKAR2A,14,rs12497850,0,0,NA,META5
PRKAR2A-AS1,14,rs12497850,0,0,NA,META5
QARS,14,rs12497850,0,0,NA,META5
QRICH1,14,rs12497850,1,1,0,META5
RHOA,14,rs12497850,0,0,NA,META5
RNF123,14,rs12497850,0,1,0,META5
SHISA5,14,rs12497850,1,0,0,META5
SLC25A20,14,rs12497850,0,0,NA,META5
SLC26A6,14,rs12497850,1,1,0,META5
SMARCC1,14,rs12497850,0,0,NA,META5
SNORA94,14,rs12497850,0,0,NA,META5
SPINK8,14,rs12497850,1,0,0,META5
TCTA,14,rs12497850,1,1,0,META5
TMA7,14,rs12497850,1,1,1,META5
TMEM89,14,rs12497850,0,0,NA,META5
TREX1,14,rs12497850,1,1,0,META5
UCN2,14,rs12497850,0,0,NA,META5
UQCRC1,14,rs12497850,1,0,0,META5
USP19,14,rs12497850,0,1,0,META5
USP4,14,rs12497850,1,1,0,META5
WDR6,14,rs12497850,1,1,1,META5
ZNF589,14,rs12497850,1,1,0,META5
ADCY5,15,rs55961674,0,0,NA,META5
ARGFX,15,rs55961674,0,0,NA,META5
CASR,15,rs55961674,0,0,NA,META5
CCDC58,15,rs55961674,0,0,NA,META5
CD86,15,rs55961674,0,0,NA,META5
CSTA,15,rs55961674,0,1,1,META5
DTX3L,15,rs55961674,1,1,0,META5
EAF2,15,rs55961674,0,0,NA,META5
FAM162A,15,rs55961674,1,1,1,META5
FBXO40,15,rs55961674,0,0,NA,META5
GOLGB1,15,rs55961674,0,0,NA,META5
HCLS1,15,rs55961674,0,0,NA,META5
HSPBAP1,15,rs55961674,0,0,NA,META5
ILDR1,15,rs55961674,0,0,NA,META5
IQCB1,15,rs55961674,1,1,1,META5
KPNA1,15,rs55961674,1,1,1,META5
LINC02035,15,rs55961674,0,0,NA,META5
LOC102723582,15,rs55961674,0,0,NA,META5
MIR7110,15,rs55961674,0,0,NA,META5
PARP14,15,rs55961674,1,0,0,META5
PARP15,15,rs55961674,0,1,0,META5
PARP9,15,rs55961674,1,1,0,META5
PDIA5,15,rs55961674,1,0,1,META5
POLQ,15,rs55961674,0,0,NA,META5
SEC22A,15,rs55961674,0,0,NA,META5
SEMA5B,15,rs55961674,0,0,NA,META5
SLC15A2,15,rs55961674,0,0,NA,META5
SLC49A4,15,rs55961674,0,0,NA,META5
WDR5B,15,rs55961674,1,1,0,META5
AADAC,16,rs11707416,0,0,NA,META5
AADACL2,16,rs11707416,0,0,NA,META5
AADACL2-AS1,16,rs11707416,0,0,NA,META5
AADACP1,16,rs11707416,0,0,NA,META5
CLRN1,16,rs11707416,0,0,NA,META5
CLRN1-AS1,16,rs11707416,0,0,NA,META5
EIF2A,16,rs11707416,0,0,NA,META5
ERICH6,16,rs11707416,0,0,NA,META5
ERICH6-AS1,16,rs11707416,0,0,NA,META5
GPR171,16,rs11707416,0,0,NA,META5
GPR87,16,rs11707416,0,0,NA,META5
IGSF10,16,rs11707416,0,0,NA,META5
LOC101928105,16,rs11707416,0,0,NA,META5
LOC101928166,16,rs11707416,0,0,NA,META5
MBNL1,16,rs11707416,0,0,NA,META5
MBNL1-AS1,16,rs11707416,0,0,NA,META5
MED12L,16,rs11707416,0,0,NA,META5
MINDY4B,16,rs11707416,0,0,NA,META5
MIR5186,16,rs11707416,0,0,NA,META5
P2RY12,16,rs11707416,1,1,1,META5
P2RY13,16,rs11707416,0,1,0,META5
P2RY14,16,rs11707416,0,1,1,META5
SELENOT,16,rs11707416,0,0,NA,META5
SERP1,16,rs11707416,0,0,NA,META5
SIAH2,16,rs11707416,0,0,NA,META5
SUCNR1,16,rs11707416,1,1,1,META5
TMEM14EP,16,rs11707416,0,0,NA,META5
TSC22D2,16,rs11707416,0,0,NA,META5
ARL14,17,rs1450522,0,0,NA,META5
B3GALNT1,17,rs1450522,0,1,1,META5
IFT80,17,rs1450522,0,0,NA,META5
KPNA4,17,rs1450522,0,0,NA,META5
LINC02067,17,rs1450522,0,0,NA,META5
MIR15B,17,rs1450522,0,0,NA,META5
MIR16-2,17,rs1450522,0,0,NA,META5
NMD3,17,rs1450522,1,1,1,META5
OTOL1,17,rs1450522,0,0,NA,META5
PPM1L,17,rs1450522,1,1,0,META5
SCARNA7,17,rs1450522,0,0,NA,META5
SMC4,17,rs1450522,0,0,NA,META5
SPTSSB,17,rs1450522,1,0,1,META5
TRIM59,17,rs1450522,0,0,NA,META5
TRIM59-IFT80,17,rs1450522,0,0,NA,META5
ABCC5,18,rs10513789,0,0,NA,META5
ABCC5-AS1,18,rs10513789,0,0,NA,META5
ATP11B,18,rs10513789,0,0,NA,META5
B3GNT5,18,rs10513789,0,0,NA,META5
DCUN1D1,18,rs10513789,0,0,NA,META5
HTR3D,18,rs10513789,0,0,NA,META5
KLHL24,18,rs10513789,0,0,NA,META5
KLHL6,18,rs10513789,0,0,NA,META5
KLHL6-AS1,18,rs10513789,0,0,NA,META5
LAMP3,18,rs10513789,0,0,NA,META5
LINC00888,18,rs10513789,0,0,NA,META5
LINC01994,18,rs10513789,0,0,NA,META5
LINC01995,18,rs10513789,0,0,NA,META5
MAP6D1,18,rs10513789,0,0,NA,META5
MCCC1,18,rs10513789,0,0,NA,META5
MCF2L2,18,rs10513789,0,0,NA,META5
MIR4448,18,rs10513789,0,0,NA,META5
PARL,18,rs10513789,0,0,NA,META5
SNORA63D,18,rs10513789,0,0,NA,META5
SNORA63E,18,rs10513789,0,0,NA,META5
YEATS2,18,rs10513789,0,0,NA,META5
YEATS2-AS1,18,rs10513789,0,0,NA,META5
ABCA11P,19,rs873786,0,0,NA,META5
ABCA11P,19,rs34311866,0,0,NA,META5
ATP5ME,19,rs873786,0,0,NA,META5
ATP5ME,19,rs34311866,0,0,NA,META5
CPLX1,19,rs873786,0,0,NA,META5
CPLX1,19,rs34311866,0,0,NA,META5
CRIPAK,19,rs873786,0,1,0,META5
CRIPAK,19,rs34311866,0,0,NA,META5
CTBP1,19,rs873786,0,1,0,META5
CTBP1,19,rs34311866,0,0,NA,META5
CTBP1-AS,19,rs873786,0,0,NA,META5
CTBP1-AS,19,rs34311866,0,0,NA,META5
CTBP1-DT,19,rs873786,0,0,NA,META5
CTBP1-DT,19,rs34311866,0,0,NA,META5
DGKQ,19,rs873786,1,1,1,META5
DGKQ,19,rs34311866,1,1,1,META5
FAM53A,19,rs873786,0,0,NA,META5
FAM53A,19,rs34311866,0,0,NA,META5
FGFR3,19,rs873786,0,0,NA,META5
FGFR3,19,rs34311866,0,0,NA,META5
FGFRL1,19,rs873786,0,0,NA,META5
FGFRL1,19,rs34311866,1,0,0,META5
GAK,19,rs873786,0,0,NA,META5
GAK,19,rs34311866,1,0,1,META5
IDUA,19,rs873786,0,1,1,META5
IDUA,19,rs34311866,1,1,1,META5
LETM1,19,rs873786,0,0,NA,META5
LETM1,19,rs34311866,0,0,NA,META5
LOC100129917,19,rs873786,0,0,NA,META5
LOC100129917,19,rs34311866,0,0,NA,META5
LOC100130872,19,rs873786,0,0,NA,META5
LOC100130872,19,rs34311866,0,0,NA,META5
LOC105374338,19,rs873786,0,0,NA,META5
LOC105374338,19,rs34311866,0,0,NA,META5
LOC105374344,19,rs873786,0,0,NA,META5
LOC105374344,19,rs34311866,0,0,NA,META5
MAEA,19,rs873786,0,0,NA,META5
MAEA,19,rs34311866,0,0,NA,META5
MIR571,19,rs873786,0,0,NA,META5
MIR571,19,rs34311866,0,0,NA,META5
MYL5,19,rs873786,0,1,0,META5
MYL5,19,rs34311866,0,0,NA,META5
NKX1-1,19,rs873786,0,0,NA,META5
NKX1-1,19,rs34311866,0,0,NA,META5
NSD2,19,rs873786,0,0,NA,META5
NSD2,19,rs34311866,0,0,NA,META5
PCGF3,19,rs873786,0,0,NA,META5
PCGF3,19,rs34311866,1,1,0,META5
PDE6B,19,rs873786,0,0,NA,META5
PDE6B,19,rs34311866,0,0,NA,META5
PIGG,19,rs873786,0,0,NA,META5
PIGG,19,rs34311866,0,0,NA,META5
RNF212,19,rs873786,0,0,NA,META5
RNF212,19,rs34311866,1,0,0,META5
SLBP,19,rs873786,0,0,NA,META5
SLBP,19,rs34311866,0,0,NA,META5
SLC26A1,19,rs873786,1,1,1,META5
SLC26A1,19,rs34311866,1,0,1,META5
SLC49A3,19,rs873786,0,0,NA,META5
SLC49A3,19,rs34311866,0,0,NA,META5
SPON2,19,rs873786,0,0,NA,META5
SPON2,19,rs34311866,0,0,NA,META5
TACC3,19,rs873786,0,0,NA,META5
TACC3,19,rs34311866,0,0,NA,META5
TMED11P,19,rs873786,0,0,NA,META5
TMED11P,19,rs34311866,0,0,NA,META5
TMEM129,19,rs873786,0,0,NA,META5
TMEM129,19,rs34311866,0,0,NA,META5
TMEM175,19,rs873786,0,0,NA,META5
TMEM175,19,rs34311866,0,1,0,META5
TMEM271,19,rs873786,0,0,NA,META5
TMEM271,19,rs34311866,0,0,NA,META5
UVSSA,19,rs873786,1,1,0,META5
UVSSA,19,rs34311866,0,0,NA,META5
ZNF141,19,rs873786,0,0,NA,META5
ZNF141,19,rs34311866,0,0,NA,META5
ZNF595,19,rs873786,0,0,NA,META5
ZNF595,19,rs34311866,1,0,0,META5
ZNF718,19,rs873786,0,0,NA,META5
ZNF718,19,rs34311866,0,0,NA,META5
ZNF721,19,rs873786,0,1,0,META5
ZNF721,19,rs34311866,0,0,NA,META5
ZNF732,19,rs873786,0,0,NA,META5
ZNF732,19,rs34311866,0,0,NA,META5
ZNF876P,19,rs873786,0,0,NA,META5
ZNF876P,19,rs34311866,0,0,NA,META5
ADAMTS4,2,rs6658353,0,0,NA,META5
APOA2,2,rs6658353,0,0,NA,META5
ARHGAP30,2,rs6658353,0,0,NA,META5
ATF6,2,rs6658353,0,1,0,META5
B4GALT3,2,rs6658353,0,0,NA,META5
C1orf226,2,rs6658353,0,0,NA,META5
CD244,2,rs6658353,0,0,NA,META5
CD48,2,rs6658353,0,0,NA,META5
CD84,2,rs6658353,0,0,NA,META5
CFAP126,2,rs6658353,0,0,NA,META5
DEDD,2,rs6658353,0,0,NA,META5
DUSP12,2,rs6658353,0,0,NA,META5
F11R,2,rs6658353,0,0,NA,META5
FCER1G,2,rs6658353,0,0,NA,META5
FCGR2A,2,rs6658353,0,0,NA,META5
FCGR2B,2,rs6658353,0,1,1,META5
FCGR2C,2,rs6658353,0,0,NA,META5
FCGR3A,2,rs6658353,0,0,NA,META5
FCGR3B,2,rs6658353,0,1,0,META5
FCRLA,2,rs6658353,0,0,NA,META5
FCRLB,2,rs6658353,1,0,0,META5
HSPA6,2,rs6658353,0,0,NA,META5
HSPA7,2,rs6658353,0,1,1,META5
ITLN1,2,rs6658353,0,0,NA,META5
ITLN2,2,rs6658353,0,0,NA,META5
KLHDC9,2,rs6658353,0,0,NA,META5
LOC101928372,2,rs6658353,0,0,NA,META5
LOC112543491,2,rs6658353,0,0,NA,META5
LY9,2,rs6658353,0,0,NA,META5
MIR4654,2,rs6658353,0,0,NA,META5
MIR5187,2,rs6658353,0,0,NA,META5
MIR556,2,rs6658353,0,0,NA,META5
MPZ,2,rs6658353,1,0,0,META5
NDUFS2,2,rs6658353,0,0,NA,META5
NECTIN4,2,rs6658353,0,0,NA,META5
NIT1,2,rs6658353,0,0,NA,META5
NOS1AP,2,rs6658353,0,0,NA,META5
NR1I3,2,rs6658353,0,0,NA,META5
OLFML2B,2,rs6658353,0,0,NA,META5
PCP4L1,2,rs6658353,0,0,NA,META5
PFDN2,2,rs6658353,0,0,NA,META5
PPOX,2,rs6658353,0,0,NA,META5
RPL31P11,2,rs6658353,0,0,NA,META5
SDHC,2,rs6658353,0,1,0,META5
SH2D1B,2,rs6658353,0,0,NA,META5
SLAMF1,2,rs6658353,0,0,NA,META5
SLAMF6,2,rs6658353,0,0,NA,META5
SLAMF7,2,rs6658353,0,0,NA,META5
SPATA46,2,rs6658353,0,0,NA,META5
TOMM40L,2,rs6658353,0,0,NA,META5
TSTD1,2,rs6658353,1,0,0,META5
UFC1,2,rs6658353,0,0,NA,META5
UHMK1,2,rs6658353,1,0,0,META5
USF1,2,rs6658353,0,0,NA,META5
USP21,2,rs6658353,0,0,NA,META5
BST1,20,rs4698412,0,1,1,META5
C1QTNF7,20,rs4698412,0,0,NA,META5
CC2D2A,20,rs4698412,1,0,0,META5
CD38,20,rs4698412,1,0,1,META5
CPEB2,20,rs4698412,0,0,NA,META5
CPEB2-DT,20,rs4698412,0,0,NA,META5
FAM200B,20,rs4698412,1,1,1,META5
FBXL5,20,rs4698412,0,1,0,META5
FGFBP1,20,rs4698412,0,0,NA,META5
FGFBP2,20,rs4698412,1,0,0,META5
LDB2,20,rs4698412,0,0,NA,META5
LINC00504,20,rs4698412,0,0,NA,META5
LOC101929095,20,rs4698412,0,0,NA,META5
PROM1,20,rs4698412,0,0,NA,META5
TAPT1,20,rs4698412,0,0,NA,META5
TAPT1-AS1,20,rs4698412,0,0,NA,META5
CLRN2,21,rs34025766,0,0,NA,META5
DCAF16,21,rs34025766,1,1,1,META5
FAM184B,21,rs34025766,0,0,NA,META5
LAP3,21,rs34025766,0,1,0,META5
LCORL,21,rs34025766,1,0,1,META5
LINC02493,21,rs34025766,0,0,NA,META5
MED28,21,rs34025766,0,1,0,META5
NCAPG,21,rs34025766,1,0,0,META5
QDPR,21,rs34025766,0,0,NA,META5
SNORA75B,21,rs34025766,0,0,NA,META5
ART3,22,rs6825004,1,0,0,META5
ART3,22,rs4101061,0,0,NA,META5
ART3,22,rs6854006,0,0,NA,META5
CCDC158,22,rs6825004,0,0,NA,META5
CCDC158,22,rs4101061,0,0,NA,META5
CCDC158,22,rs6854006,0,0,NA,META5
CCNG2,22,rs6825004,0,0,NA,META5
CCNG2,22,rs4101061,0,0,NA,META5
CCNG2,22,rs6854006,0,0,NA,META5
CCNI,22,rs6825004,0,0,NA,META5
CCNI,22,rs4101061,0,0,NA,META5
CCNI,22,rs6854006,0,0,NA,META5
CDKL2,22,rs6825004,0,0,NA,META5
CDKL2,22,rs4101061,0,0,NA,META5
CDKL2,22,rs6854006,0,0,NA,META5
CXCL10,22,rs6825004,0,0,NA,META5
CXCL10,22,rs4101061,0,0,NA,META5
CXCL10,22,rs6854006,0,1,0,META5
CXCL11,22,rs6825004,0,0,NA,META5
CXCL11,22,rs4101061,0,0,NA,META5
CXCL11,22,rs6854006,0,0,NA,META5
CXCL9,22,rs6825004,0,0,NA,META5
CXCL9,22,rs4101061,0,0,NA,META5
CXCL9,22,rs6854006,0,1,0,META5
FAM47E,22,rs6825004,1,0,1,META5
FAM47E,22,rs4101061,1,0,1,META5
FAM47E,22,rs6854006,1,0,1,META5
FAM47E-STBD1,22,rs6825004,0,0,NA,META5
FAM47E-STBD1,22,rs4101061,0,0,NA,META5
FAM47E-STBD1,22,rs6854006,1,0,0,META5
G3BP2,22,rs6825004,0,1,0,META5
G3BP2,22,rs4101061,0,1,0,META5
G3BP2,22,rs6854006,0,0,NA,META5
LINC02483,22,rs6825004,0,0,NA,META5
LINC02483,22,rs4101061,0,0,NA,META5
LINC02483,22,rs6854006,0,0,NA,META5
LOC101928809,22,rs6825004,0,0,NA,META5
LOC101928809,22,rs4101061,0,0,NA,META5
LOC101928809,22,rs6854006,0,0,NA,META5
MIR4450,22,rs6825004,0,0,NA,META5
MIR4450,22,rs4101061,0,0,NA,META5
MIR4450,22,rs6854006,0,0,NA,META5
MIR548AH,22,rs6825004,0,0,NA,META5
MIR548AH,22,rs4101061,0,0,NA,META5
MIR548AH,22,rs6854006,0,0,NA,META5
NAAA,22,rs6825004,1,1,0,META5
NAAA,22,rs4101061,0,1,0,META5
NAAA,22,rs6854006,1,1,0,META5
NUP54,22,rs6825004,1,0,0,META5
NUP54,22,rs4101061,0,0,NA,META5
NUP54,22,rs6854006,0,1,0,META5
ODAPH,22,rs6825004,0,0,NA,META5
ODAPH,22,rs4101061,0,0,NA,META5
ODAPH,22,rs6854006,0,0,NA,META5
PPEF2,22,rs6825004,0,0,NA,META5
PPEF2,22,rs4101061,0,0,NA,META5
PPEF2,22,rs6854006,0,0,NA,META5
RCHY1,22,rs6825004,0,0,NA,META5
RCHY1,22,rs4101061,0,0,NA,META5
RCHY1,22,rs6854006,0,0,NA,META5
SCARB2,22,rs6825004,0,1,1,META5
SCARB2,22,rs4101061,1,0,0,META5
SCARB2,22,rs6854006,1,1,1,META5
SDAD1,22,rs6825004,0,0,NA,META5
SDAD1,22,rs4101061,0,0,NA,META5
SDAD1,22,rs6854006,0,0,NA,META5
SEPTIN11,22,rs6825004,0,0,NA,META5
SEPTIN11,22,rs4101061,0,0,NA,META5
SEPTIN11,22,rs6854006,0,0,NA,META5
SHROOM3,22,rs6825004,0,0,NA,META5
SHROOM3,22,rs4101061,0,0,NA,META5
SHROOM3,22,rs6854006,0,0,NA,META5
SOWAHB,22,rs6825004,0,0,NA,META5
SOWAHB,22,rs4101061,0,0,NA,META5
SOWAHB,22,rs6854006,0,0,NA,META5
STBD1,22,rs6825004,0,1,0,META5
STBD1,22,rs4101061,0,0,NA,META5
STBD1,22,rs6854006,0,1,0,META5
THAP6,22,rs6825004,0,0,NA,META5
THAP6,22,rs4101061,0,0,NA,META5
THAP6,22,rs6854006,0,0,NA,META5
USO1,22,rs6825004,0,0,NA,META5
USO1,22,rs4101061,0,0,NA,META5
USO1,22,rs6854006,0,0,NA,META5
CCSER1,23,rs356182,0,0,NA,META5
CCSER1,23,rs5019538,0,0,NA,META5
FAM13A,23,rs356182,0,0,NA,META5
FAM13A,23,rs5019538,0,0,NA,META5
FAM13A-AS1,23,rs356182,1,0,0,META5
FAM13A-AS1,23,rs5019538,1,0,0,META5
GPRIN3,23,rs356182,0,0,NA,META5
GPRIN3,23,rs5019538,0,0,NA,META5
HERC3,23,rs356182,0,0,NA,META5
HERC3,23,rs5019538,0,0,NA,META5
MMRN1,23,rs356182,1,1,1,META5
MMRN1,23,rs5019538,1,1,1,META5
SNCA,23,rs356182,0,1,0,META5
SNCA,23,rs5019538,1,1,1,META5
SNCA-AS1,23,rs356182,0,0,NA,META5
SNCA-AS1,23,rs5019538,1,0,0,META5
TIGD2,23,rs356182,0,0,NA,META5
TIGD2,23,rs5019538,0,0,NA,META5
ANK2,24,rs13117519,0,0,NA,META5
ARSJ,24,rs13117519,0,0,NA,META5
CAMK2D,24,rs13117519,0,1,0,META5
LARP7,24,rs13117519,0,0,NA,META5
LOC105377372,24,rs13117519,0,0,NA,META5
MIR1243,24,rs13117519,0,0,NA,META5
MIR302A,24,rs13117519,0,0,NA,META5
MIR302B,24,rs13117519,0,0,NA,META5
MIR302C,24,rs13117519,0,0,NA,META5
MIR302CHG,24,rs13117519,0,0,NA,META5
MIR302D,24,rs13117519,0,0,NA,META5
MIR367,24,rs13117519,0,0,NA,META5
MIR8082,24,rs13117519,0,0,NA,META5
NEUROG2,24,rs13117519,0,0,NA,META5
ZGRF1,24,rs13117519,0,0,NA,META5
AADAT,25,rs62333164,0,0,NA,META5
CBR4,25,rs62333164,0,1,0,META5
CLCN3,25,rs62333164,1,1,1,META5
HPF1,25,rs62333164,1,0,0,META5
LINC01612,25,rs62333164,0,0,NA,META5
LINC02275,25,rs62333164,0,0,NA,META5
MFAP3L,25,rs62333164,1,0,0,META5
NEK1,25,rs62333164,1,1,0,META5
PALLD,25,rs62333164,0,0,NA,META5
SH3RF1,25,rs62333164,0,1,0,META5
C5orf64,26,rs1867598,0,0,NA,META5
C5orf64-AS1,26,rs1867598,0,0,NA,META5
DEPDC1B,26,rs1867598,0,0,NA,META5
ELOVL7,26,rs1867598,1,1,0,META5
ERCC8,26,rs1867598,1,1,1,META5
LINC02057,26,rs1867598,0,0,NA,META5
LOC101928651,26,rs1867598,0,0,NA,META5
NDUFAF2,26,rs1867598,1,1,1,META5
PART1,26,rs1867598,1,0,0,META5
PDE4D,26,rs1867598,1,0,0,META5
SMIM15,26,rs1867598,0,0,NA,META5
SMIM15-AS1,26,rs1867598,0,0,NA,META5
ZSWIM6,26,rs1867598,0,0,NA,META5
C5orf30,27,rs26431,0,0,NA,META5
GIN1,27,rs26431,1,1,1,META5
LINC00491,27,rs26431,0,0,NA,META5
LINC00492,27,rs26431,1,0,0,META5
LINC02115,27,rs26431,0,0,NA,META5
NUDT12,27,rs26431,0,0,NA,META5
PAM,27,rs26431,1,1,1,META5
PPIP5K2,27,rs26431,0,1,1,META5
SLCO4C1,27,rs26431,0,1,0,META5
SLCO6A1,27,rs26431,0,0,NA,META5
C5orf15,28,rs11950533,0,0,NA,META5
C5orf24,28,rs11950533,1,1,0,META5
C5orf66,28,rs11950533,0,0,NA,META5
C5orf66-AS1,28,rs11950533,0,0,NA,META5
C5orf66-AS2,28,rs11950533,0,0,NA,META5
CAMLG,28,rs11950533,1,1,1,META5
CATSPER3,28,rs11950533,1,0,0,META5
CDKL3,28,rs11950533,0,0,NA,META5
CDKN2AIPNL,28,rs11950533,0,0,NA,META5
CXCL14,28,rs11950533,1,0,0,META5
DCANP1,28,rs11950533,0,0,NA,META5
DDX46,28,rs11950533,0,0,NA,META5
H2AFY,28,rs11950533,1,0,0,META5
JADE2,28,rs11950533,0,0,NA,META5
LINC01843,28,rs11950533,0,0,NA,META5
LOC102546229,28,rs11950533,0,0,NA,META5
LOC105379183,28,rs11950533,0,0,NA,META5
LOC107986453,28,rs11950533,0,0,NA,META5
MIR3661,28,rs11950533,0,0,NA,META5
MIR5692C1,28,rs11950533,0,0,NA,META5
NEUROG1,28,rs11950533,0,0,NA,META5
PCBD2,28,rs11950533,1,1,0,META5
PITX1,28,rs11950533,0,0,NA,META5
PPP2CA,28,rs11950533,0,0,NA,META5
SAR1B,28,rs11950533,1,1,1,META5
SEC24A,28,rs11950533,0,0,NA,META5
SKP1,28,rs11950533,0,0,NA,META5
SLC25A48,28,rs11950533,0,0,NA,META5
SLC25A48-AS1,28,rs11950533,0,0,NA,META5
TCF7,28,rs11950533,1,0,0,META5
TIFAB,28,rs11950533,0,0,NA,META5
TXNDC15,28,rs11950533,1,1,1,META5
UBE2B,28,rs11950533,0,0,NA,META5
VDAC1,28,rs11950533,0,0,NA,META5
WSPAR,28,rs11950533,0,0,NA,META5
GPX5,29,rs4140646,0,0,NA,META5
GPX6,29,rs4140646,0,0,NA,META5
GUSBP2,29,rs4140646,0,0,NA,META5
HIST1H1B,29,rs4140646,0,0,NA,META5
HIST1H2AG,29,rs4140646,0,1,0,META5
HIST1H2AH,29,rs4140646,0,0,NA,META5
HIST1H2AI,29,rs4140646,0,0,NA,META5
HIST1H2AJ,29,rs4140646,0,0,NA,META5
HIST1H2AK,29,rs4140646,0,0,NA,META5
HIST1H2AL,29,rs4140646,0,0,NA,META5
HIST1H2AM,29,rs4140646,0,0,NA,META5
HIST1H2BJ,29,rs4140646,1,1,1,META5
HIST1H2BK,29,rs4140646,0,1,1,META5
HIST1H2BL,29,rs4140646,0,0,NA,META5
HIST1H2BM,29,rs4140646,0,0,NA,META5
HIST1H2BN,29,rs4140646,1,0,0,META5
HIST1H2BO,29,rs4140646,0,1,1,META5
HIST1H3H,29,rs4140646,0,0,NA,META5
HIST1H3I,29,rs4140646,0,0,NA,META5
HIST1H3J,29,rs4140646,0,0,NA,META5
HIST1H4I,29,rs4140646,0,0,NA,META5
HIST1H4J,29,rs4140646,1,0,0,META5
HIST1H4K,29,rs4140646,0,1,0,META5
HIST1H4L,29,rs4140646,0,0,NA,META5
LINC00240,29,rs4140646,0,0,NA,META5
LINC00533,29,rs4140646,0,0,NA,META5
LINC01012,29,rs4140646,0,0,NA,META5
LOC100131289,29,rs4140646,0,0,NA,META5
LOC100270746,29,rs4140646,0,0,NA,META5
MIR3143,29,rs4140646,0,0,NA,META5
NKAPL,29,rs4140646,0,0,NA,META5
OR1F12,29,rs4140646,1,0,0,META5
OR2B2,29,rs4140646,0,0,NA,META5
OR2B6,29,rs4140646,1,0,0,META5
PGBD1,29,rs4140646,1,1,0,META5
POM121L2,29,rs4140646,1,0,0,META5
PRSS16,29,rs4140646,1,1,1,META5
TOB2P1,29,rs4140646,1,0,0,META5
VN1R10P,29,rs4140646,0,0,NA,META5
ZBED9,29,rs4140646,0,0,NA,META5
ZKSCAN3,29,rs4140646,1,1,0,META5
ZKSCAN4,29,rs4140646,0,1,0,META5
ZKSCAN8,29,rs4140646,1,0,0,META5
ZNF165,29,rs4140646,1,1,1,META5
ZNF184,29,rs4140646,1,0,0,META5
ZNF192P1,29,rs4140646,1,0,1,META5
ZNF204P,29,rs4140646,1,0,0,META5
ZNF391,29,rs4140646,1,1,0,META5
ZSCAN12,29,rs4140646,0,0,NA,META5
ZSCAN12P1,29,rs4140646,1,1,1,META5
ZSCAN16,29,rs4140646,1,1,0,META5
ZSCAN16-AS1,29,rs4140646,1,0,0,META5
ZSCAN23,29,rs4140646,1,0,0,META5
ZSCAN26,29,rs4140646,1,0,1,META5
ZSCAN31,29,rs4140646,1,0,0,META5
ZSCAN9,29,rs4140646,0,1,0,META5
C1orf105,3,rs11578699,0,0,NA,META5
DNM3,3,rs11578699,1,1,0,META5
DNM3-IT1,3,rs11578699,0,0,NA,META5
DNM3OS,3,rs11578699,1,0,0,META5
EEF1AKNMT,3,rs11578699,0,0,NA,META5
FASLG,3,rs11578699,0,0,NA,META5
FMO1,3,rs11578699,0,0,NA,META5
FMO2,3,rs11578699,0,0,NA,META5
FMO3,3,rs11578699,0,0,NA,META5
FMO4,3,rs11578699,0,1,0,META5
FMO6P,3,rs11578699,0,0,NA,META5
MIR1295A,3,rs11578699,0,0,NA,META5
MIR1295B,3,rs11578699,0,0,NA,META5
MIR199A2,3,rs11578699,0,0,NA,META5
MIR214,3,rs11578699,0,0,NA,META5
MIR3120,3,rs11578699,0,0,NA,META5
MROH9,3,rs11578699,0,0,NA,META5
MYOC,3,rs11578699,0,0,NA,META5
MYOCOS,3,rs11578699,0,0,NA,META5
PIGC,3,rs11578699,0,1,0,META5
PRRC2C,3,rs11578699,0,0,NA,META5
SUCO,3,rs11578699,1,0,0,META5
TOP1P1,3,rs11578699,0,0,NA,META5
VAMP4,3,rs11578699,1,1,1,META5
ABCF1,30,rs9261484,0,0,NA,META5
ATAT1,30,rs9261484,0,0,NA,META5
C6orf136,30,rs9261484,0,0,NA,META5
C6orf15,30,rs9261484,0,0,NA,META5
CDSN,30,rs9261484,0,0,NA,META5
DDR1,30,rs9261484,0,0,NA,META5
DHX16,30,rs9261484,0,0,NA,META5
FLOT1,30,rs9261484,0,0,NA,META5
GABBR1,30,rs9261484,0,0,NA,META5
GNL1,30,rs9261484,0,0,NA,META5
GTF2H4,30,rs9261484,0,0,NA,META5
HCG17,30,rs9261484,0,0,NA,META5
HCG18,30,rs9261484,0,0,NA,META5
HCG20,30,rs9261484,0,0,NA,META5
HCG21,30,rs9261484,0,0,NA,META5
HCG22,30,rs9261484,0,0,NA,META5
HCG4,30,rs9261484,0,0,NA,META5
HCG4B,30,rs9261484,0,0,NA,META5
HCG9,30,rs9261484,0,0,NA,META5
HCP5B,30,rs9261484,0,0,NA,META5
HLA-A,30,rs9261484,0,0,NA,META5
HLA-E,30,rs9261484,0,0,NA,META5
HLA-F,30,rs9261484,0,0,NA,META5
HLA-F-AS1,30,rs9261484,0,0,NA,META5
HLA-G,30,rs9261484,0,0,NA,META5
HLA-H,30,rs9261484,0,0,NA,META5
HLA-J,30,rs9261484,0,0,NA,META5
HLA-L,30,rs9261484,0,0,NA,META5
HLA-V,30,rs9261484,0,0,NA,META5
IER3,30,rs9261484,0,0,NA,META5
IER3-AS1,30,rs9261484,0,0,NA,META5
IFITM4P,30,rs9261484,0,0,NA,META5
LINC00243,30,rs9261484,0,0,NA,META5
LINC01015,30,rs9261484,0,0,NA,META5
LINC02569,30,rs9261484,0,0,NA,META5
LINC02570,30,rs9261484,0,0,NA,META5
LOC101929006,30,rs9261484,0,0,NA,META5
MAS1L,30,rs9261484,0,0,NA,META5
MDC1,30,rs9261484,0,0,NA,META5
MDC1-AS1,30,rs9261484,0,0,NA,META5
MIR4640,30,rs9261484,0,0,NA,META5
MIR6891,30,rs9261484,0,0,NA,META5
MIR877,30,rs9261484,0,0,NA,META5
MOG,30,rs9261484,0,0,NA,META5
MRPS18B,30,rs9261484,0,0,NA,META5
MUC21,30,rs9261484,0,0,NA,META5
MUC22,30,rs9261484,0,0,NA,META5
MUCL3,30,rs9261484,0,0,NA,META5
NRM,30,rs9261484,0,0,NA,META5
OR10C1,30,rs9261484,0,0,NA,META5
OR11A1,30,rs9261484,0,0,NA,META5
OR12D1,30,rs9261484,0,0,NA,META5
OR12D2,30,rs9261484,0,0,NA,META5
OR12D3,30,rs9261484,0,0,NA,META5
OR14J1,30,rs9261484,0,0,NA,META5
OR2H1,30,rs9261484,0,0,NA,META5
OR2H2,30,rs9261484,0,0,NA,META5
OR2J2,30,rs9261484,0,0,NA,META5
OR5V1,30,rs9261484,0,0,NA,META5
PPP1R10,30,rs9261484,0,0,NA,META5
PPP1R11,30,rs9261484,0,0,NA,META5
PPP1R18,30,rs9261484,0,0,NA,META5
PRR3,30,rs9261484,0,0,NA,META5
PSORS1C1,30,rs9261484,0,0,NA,META5
PSORS1C2,30,rs9261484,0,0,NA,META5
RNF39,30,rs9261484,0,0,NA,META5
RPP21,30,rs9261484,0,0,NA,META5
SFTA2,30,rs9261484,0,0,NA,META5
SNORD32B,30,rs9261484,0,0,NA,META5
TRIM10,30,rs9261484,0,0,NA,META5
TRIM15,30,rs9261484,0,0,NA,META5
TRIM26,30,rs9261484,0,0,NA,META5
TRIM31,30,rs9261484,0,0,NA,META5
TRIM31-AS1,30,rs9261484,0,0,NA,META5
TRIM39,30,rs9261484,0,0,NA,META5
TRIM39-RPP21,30,rs9261484,0,0,NA,META5
TRIM40,30,rs9261484,0,0,NA,META5
TUBB,30,rs9261484,0,0,NA,META5
UBD,30,rs9261484,0,0,NA,META5
VARS2,30,rs9261484,0,0,NA,META5
ZFP57,30,rs9261484,0,0,NA,META5
ZNRD1,30,rs9261484,0,0,NA,META5
ZNRD1ASP,30,rs9261484,0,0,NA,META5
ABHD16A,31,rs112485576,1,0,0,META5
AGER,31,rs112485576,0,0,NA,META5
AGPAT1,31,rs112485576,0,0,NA,META5
AIF1,31,rs112485576,0,0,NA,META5
APOM,31,rs112485576,0,0,NA,META5
ATF6B,31,rs112485576,0,0,NA,META5
B3GALT4,31,rs112485576,0,0,NA,META5
BAG6,31,rs112485576,1,1,0,META5
BAK1,31,rs112485576,0,0,NA,META5
BRD2,31,rs112485576,0,0,NA,META5
BTNL2,31,rs112485576,0,0,NA,META5
C2,31,rs112485576,0,0,NA,META5
C2-AS1,31,rs112485576,0,0,NA,META5
C4A,31,rs112485576,0,1,0,META5
C4B,31,rs112485576,0,0,NA,META5
C4B_2,31,rs112485576,0,0,NA,META5
C6orf47,31,rs112485576,0,0,NA,META5
CFB,31,rs112485576,0,0,NA,META5
CLIC1,31,rs112485576,0,0,NA,META5
COL11A2,31,rs112485576,0,0,NA,META5
CSNK2B,31,rs112485576,0,0,NA,META5
CUTA,31,rs112485576,0,0,NA,META5
CYP21A1P,31,rs112485576,0,1,0,META5
CYP21A2,31,rs112485576,0,1,0,META5
DAXX,31,rs112485576,0,0,NA,META5
DDAH2,31,rs112485576,0,0,NA,META5
DXO,31,rs112485576,0,0,NA,META5
EGFL8,31,rs112485576,0,0,NA,META5
EHMT2,31,rs112485576,0,0,NA,META5
FKBPL,31,rs112485576,0,0,NA,META5
GGNBP1,31,rs112485576,0,0,NA,META5
GPANK1,31,rs112485576,0,0,NA,META5
GPSM3,31,rs112485576,0,0,NA,META5
HCG23,31,rs112485576,0,0,NA,META5
HCG24,31,rs112485576,1,0,0,META5
HCG25,31,rs112485576,0,0,NA,META5
HLA-DMA,31,rs112485576,0,0,NA,META5
HLA-DMB,31,rs112485576,0,0,NA,META5
HLA-DOA,31,rs112485576,0,0,NA,META5
HLA-DOB,31,rs112485576,1,1,0,META5
HLA-DPA1,31,rs112485576,0,0,NA,META5
HLA-DPB1,31,rs112485576,0,0,NA,META5
HLA-DPB2,31,rs112485576,0,1,0,META5
HLA-DQA1,31,rs112485576,1,1,0,META5
HLA-DQA2,31,rs112485576,1,1,1,META5
HLA-DQB1,31,rs112485576,1,1,1,META5
HLA-DQB1-AS1,31,rs112485576,1,1,0,META5
HLA-DQB2,31,rs112485576,1,1,1,META5
HLA-DRA,31,rs112485576,0,0,NA,META5
HLA-DRB1,31,rs112485576,1,1,1,META5
HLA-DRB5,31,rs112485576,0,1,0,META5
HLA-DRB6,31,rs112485576,1,1,0,META5
HSD17B8,31,rs112485576,0,0,NA,META5
HSPA1A,31,rs112485576,0,0,NA,META5
HSPA1B,31,rs112485576,0,0,NA,META5
HSPA1L,31,rs112485576,0,0,NA,META5
KIFC1,31,rs112485576,0,0,NA,META5
LINC00336,31,rs112485576,0,0,NA,META5
LOC100294145,31,rs112485576,0,0,NA,META5
LOC100507547,31,rs112485576,0,0,NA,META5
LOC110384692,31,rs112485576,0,0,NA,META5
LSM2,31,rs112485576,0,0,NA,META5
LY6G5B,31,rs112485576,0,0,NA,META5
LY6G5C,31,rs112485576,0,0,NA,META5
LY6G6C,31,rs112485576,0,0,NA,META5
LY6G6D,31,rs112485576,0,0,NA,META5
LY6G6E,31,rs112485576,0,0,NA,META5
LY6G6F,31,rs112485576,0,0,NA,META5
LY6G6F-LY6G6D,31,rs112485576,0,0,NA,META5
MIR1234,31,rs112485576,0,0,NA,META5
MIR1236,31,rs112485576,0,0,NA,META5
MIR219A1,31,rs112485576,0,0,NA,META5
MIR3135B,31,rs112485576,0,0,NA,META5
MIR4646,31,rs112485576,0,0,NA,META5
MIR5004,31,rs112485576,0,0,NA,META5
MIR6721,31,rs112485576,0,0,NA,META5
MIR6832,31,rs112485576,0,0,NA,META5
MIR6833,31,rs112485576,0,0,NA,META5
MIR6834,31,rs112485576,0,0,NA,META5
MIR6873,31,rs112485576,0,0,NA,META5
MPIG6B,31,rs112485576,0,0,NA,META5
MSH5,31,rs112485576,0,0,NA,META5
MSH5-SAPCD1,31,rs112485576,0,0,NA,META5
NELFE,31,rs112485576,0,0,NA,META5
NEU1,31,rs112485576,0,0,NA,META5
NOTCH4,31,rs112485576,0,0,NA,META5
PBX2,31,rs112485576,0,1,0,META5
PFDN6,31,rs112485576,0,0,NA,META5
PHF1,31,rs112485576,0,0,NA,META5
PPT2,31,rs112485576,0,0,NA,META5
PPT2-EGFL8,31,rs112485576,0,0,NA,META5
PRRC2A,31,rs112485576,0,1,1,META5
PRRT1,31,rs112485576,0,0,NA,META5
PSMB8,31,rs112485576,0,0,NA,META5
PSMB8-AS1,31,rs112485576,0,0,NA,META5
PSMB9,31,rs112485576,1,0,0,META5
RGL2,31,rs112485576,0,0,NA,META5
RING1,31,rs112485576,0,0,NA,META5
RNF5,31,rs112485576,1,0,0,META5
RPS18,31,rs112485576,0,0,NA,META5
RXRB,31,rs112485576,0,0,NA,META5
SAPCD1,31,rs112485576,0,0,NA,META5
SAPCD1-AS1,31,rs112485576,0,0,NA,META5
SKIV2L,31,rs112485576,0,0,NA,META5
SLC39A7,31,rs112485576,0,0,NA,META5
SLC44A4,31,rs112485576,0,0,NA,META5
SMIM40,31,rs112485576,0,0,NA,META5
SNHG32,31,rs112485576,0,0,NA,META5
SNORA38,31,rs112485576,0,0,NA,META5
SNORD48,31,rs112485576,0,0,NA,META5
SNORD52,31,rs112485576,0,0,NA,META5
STK19,31,rs112485576,0,0,NA,META5
SYNGAP1,31,rs112485576,0,0,NA,META5
TAP1,31,rs112485576,0,0,NA,META5
TAP2,31,rs112485576,1,1,0,META5
TAPBP,31,rs112485576,0,1,0,META5
TNXA,31,rs112485576,0,0,NA,META5
TNXB,31,rs112485576,0,1,0,META5
TSBP1,31,rs112485576,0,0,NA,META5
TSBP1-AS1,31,rs112485576,0,0,NA,META5
VARS,31,rs112485576,0,0,NA,META5
VPS52,31,rs112485576,0,0,NA,META5
VWA7,31,rs112485576,0,1,0,META5
WDR46,31,rs112485576,1,0,0,META5
ZBTB12,31,rs112485576,0,0,NA,META5
ZBTB22,31,rs112485576,0,1,0,META5
ZBTB9,31,rs112485576,0,0,NA,META5
B3GAT2,32,rs12528068,0,0,NA,META5
KCNQ5,32,rs12528068,0,0,NA,META5
KCNQ5-IT1,32,rs12528068,0,0,NA,META5
LINC00472,32,rs12528068,0,0,NA,META5
LINC01626,32,rs12528068,0,0,NA,META5
MIR30A,32,rs12528068,0,0,NA,META5
MIR30C2,32,rs12528068,0,0,NA,META5
OGFRL1,32,rs12528068,0,0,NA,META5
RIMS1,32,rs12528068,0,0,NA,META5
SMAP1,32,rs12528068,0,0,NA,META5
CCN6,33,rs997368,0,0,NA,META5
FAM229B,33,rs997368,0,0,NA,META5
FYN,33,rs997368,1,0,0,META5
GSTM2P1,33,rs997368,0,0,NA,META5
GTF3C6,33,rs997368,1,0,0,META5
LAMA4,33,rs997368,0,0,NA,META5
LINC02527,33,rs997368,0,0,NA,META5
LOC101927640,33,rs997368,0,0,NA,META5
MFSD4B,33,rs997368,0,0,NA,META5
REV3L,33,rs997368,0,0,NA,META5
RFPL4B,33,rs997368,0,0,NA,META5
RPF2,33,rs997368,0,0,NA,META5
SLC16A10,33,rs997368,0,0,NA,META5
SNORD166,33,rs997368,0,0,NA,META5
TRAF3IP2,33,rs997368,0,1,0,META5
TRAF3IP2-AS1,33,rs997368,0,0,NA,META5
TUBE1,33,rs997368,0,0,NA,META5
CCN2,34,rs75859381,0,0,NA,META5
ENPP1,34,rs75859381,0,0,NA,META5
EYA4,34,rs75859381,0,0,NA,META5
LINC00326,34,rs75859381,1,0,0,META5
LINC01013,34,rs75859381,0,0,NA,META5
LINC01312,34,rs75859381,0,0,NA,META5
MIR548AJ1,34,rs75859381,0,0,NA,META5
MOXD1,34,rs75859381,0,0,NA,META5
RPS12,34,rs75859381,0,0,NA,META5
SLC18B1,34,rs75859381,0,0,NA,META5
SNORA33,34,rs75859381,0,1,0,META5
SNORD100,34,rs75859381,0,1,0,META5
SNORD101,34,rs75859381,0,0,NA,META5
STX7,34,rs75859381,0,0,NA,META5
TAAR1,34,rs75859381,0,0,NA,META5
TAAR2,34,rs75859381,0,0,NA,META5
TAAR3P,34,rs75859381,0,0,NA,META5
TAAR5,34,rs75859381,0,0,NA,META5
TAAR6,34,rs75859381,0,0,NA,META5
TAAR8,34,rs75859381,0,0,NA,META5
TAAR9,34,rs75859381,0,0,NA,META5
TARID,34,rs75859381,0,0,NA,META5
TCF21,34,rs75859381,0,0,NA,META5
VNN1,34,rs75859381,0,1,0,META5
VNN2,34,rs75859381,0,1,0,META5
VNN3,34,rs75859381,0,1,0,META5
CCDC126,35,rs199351,0,0,NA,META5
CLK2P1,35,rs199351,0,0,NA,META5
FAM126A,35,rs199351,0,0,NA,META5
FAM221A,35,rs199351,0,1,0,META5
GPNMB,35,rs199351,1,1,1,META5
IGF2BP3,35,rs199351,0,0,NA,META5
IL6,35,rs199351,0,0,NA,META5
KLHL7,35,rs199351,1,1,1,META5
KLHL7-DT,35,rs199351,0,0,NA,META5
LOC100506178,35,rs199351,0,0,NA,META5
LOC401312,35,rs199351,0,0,NA,META5
LOC541472,35,rs199351,0,0,NA,META5
MALSU1,35,rs199351,1,1,1,META5
NUP42,35,rs199351,0,0,NA,META5
RAPGEF5,35,rs199351,0,0,NA,META5
RPS2P32,35,rs199351,1,0,0,META5
SNHG26,35,rs199351,0,0,NA,META5
SNORD65C,35,rs199351,0,0,NA,META5
SNORD93,35,rs199351,0,0,NA,META5
STEAP1B,35,rs199351,0,0,NA,META5
STK31,35,rs199351,0,0,NA,META5
TOMM7,35,rs199351,1,0,0,META5
TRA2A,35,rs199351,0,0,NA,META5
ASL,36,rs76949143,0,0,NA,META5
CCT6P1,36,rs76949143,0,1,0,META5
CRCP,36,rs76949143,1,1,1,META5
GS1-124K5.11,36,rs76949143,1,1,0,META5
GS1-124K5.4,36,rs76949143,0,1,0,META5
GTF2IP23,36,rs76949143,0,0,NA,META5
GTF2IRD1P1,36,rs76949143,1,0,0,META5
GUSB,36,rs76949143,1,0,1,META5
INTS4P2,36,rs76949143,0,0,NA,META5
KCTD7,36,rs76949143,1,1,0,META5
LINC00174,36,rs76949143,1,1,1,META5
LINC01372,36,rs76949143,0,0,NA,META5
LINC02604,36,rs76949143,0,0,NA,META5
LOC100996437,36,rs76949143,0,0,NA,META5
LOC101929322,36,rs76949143,0,0,NA,META5
LOC441242,36,rs76949143,0,0,NA,META5
MIR4650-1,36,rs76949143,0,0,NA,META5
MIR4650-2,36,rs76949143,0,0,NA,META5
PMS2P4,36,rs76949143,0,1,0,META5
RABGEF1,36,rs76949143,1,1,1,META5
SBDS,36,rs76949143,0,0,NA,META5
SNORA15B-1,36,rs76949143,0,0,NA,META5
SNORA15B-2,36,rs76949143,0,0,NA,META5
SNORA22,36,rs76949143,0,0,NA,META5
STAG3L4,36,rs76949143,1,1,0,META5
TMEM248,36,rs76949143,0,1,1,META5
TPST1,36,rs76949143,0,1,0,META5
TYW1,36,rs76949143,0,0,NA,META5
VKORC1L1,36,rs76949143,1,1,0,META5
BLK,37,rs1293298,0,1,0,META5
C8orf49,37,rs1293298,1,0,0,META5
CTSB,37,rs1293298,1,1,1,META5
DEFB109A,37,rs1293298,0,0,NA,META5
DEFB130A,37,rs1293298,0,0,NA,META5
DEFB130B,37,rs1293298,0,0,NA,META5
DEFB134,37,rs1293298,0,0,NA,META5
DEFB135,37,rs1293298,0,0,NA,META5
DEFB136,37,rs1293298,0,0,NA,META5
FAM167A,37,rs1293298,1,1,0,META5
FAM167A-AS1,37,rs1293298,0,0,NA,META5
FAM66A,37,rs1293298,1,0,0,META5
FAM66D,37,rs1293298,1,0,0,META5
FAM85A,37,rs1293298,0,0,NA,META5
FAM86B1,37,rs1293298,0,0,NA,META5
FAM86B2,37,rs1293298,0,0,NA,META5
FAM90A25P,37,rs1293298,1,0,0,META5
FAM90A2P,37,rs1293298,0,0,NA,META5
FDFT1,37,rs1293298,1,1,1,META5
GATA4,37,rs1293298,0,0,NA,META5
LINC00208,37,rs1293298,0,0,NA,META5
LINC00681,37,rs1293298,0,0,NA,META5
LOC100129129,37,rs1293298,0,0,NA,META5
LOC100506990,37,rs1293298,0,0,NA,META5
LOC101929269,37,rs1293298,0,0,NA,META5
LOC340357,37,rs1293298,0,0,NA,META5
LOC392196,37,rs1293298,0,0,NA,META5
LOC649352,37,rs1293298,0,0,NA,META5
LOC729732,37,rs1293298,0,0,NA,META5
LONRF1,37,rs1293298,0,0,NA,META5
MIR3926-1,37,rs1293298,0,0,NA,META5
MIR3926-2,37,rs1293298,0,0,NA,META5
MIR5692A1,37,rs1293298,0,0,NA,META5
MIR5692A2,37,rs1293298,0,0,NA,META5
MIR598,37,rs1293298,0,0,NA,META5
MTMR9,37,rs1293298,0,1,0,META5
NEIL2,37,rs1293298,1,1,0,META5
SLC35G5,37,rs1293298,0,1,0,META5
SNORA99,37,rs1293298,0,0,NA,META5
TDH,37,rs1293298,1,0,0,META5
USP17L2,37,rs1293298,0,0,NA,META5
USP17L7,37,rs1293298,0,0,NA,META5
XKR6,37,rs1293298,0,0,NA,META5
ZNF705D,37,rs1293298,0,0,NA,META5
CNOT7,38,rs620513,0,0,NA,META5
FGF20,38,rs620513,0,0,NA,META5
MICU3,38,rs620513,0,0,NA,META5
MIR548V,38,rs620513,0,0,NA,META5
MSR1,38,rs620513,0,0,NA,META5
MTMR7,38,rs620513,0,0,NA,META5
MTUS1,38,rs620513,0,0,NA,META5
PDGFRL,38,rs620513,0,0,NA,META5
SLC7A2,38,rs620513,0,0,NA,META5
VPS37A,38,rs620513,0,0,NA,META5
ZDHHC2,38,rs620513,0,0,NA,META5
BIN3,39,rs2280104,1,1,1,META5
BIN3-IT1,39,rs2280104,0,0,NA,META5
BMP1,39,rs2280104,0,0,NA,META5
C8orf58,39,rs2280104,1,1,1,META5
CCAR2,39,rs2280104,0,0,NA,META5
CHMP7,39,rs2280104,0,0,NA,META5
DMTN,39,rs2280104,0,0,NA,META5
DOK2,39,rs2280104,0,0,NA,META5
EGR3,39,rs2280104,1,0,1,META5
ENTPD4,39,rs2280104,0,0,NA,META5
FAM160B2,39,rs2280104,0,0,NA,META5
FGF17,39,rs2280104,0,0,NA,META5
GFRA2,39,rs2280104,0,0,NA,META5
HR,39,rs2280104,0,0,NA,META5
LGI3,39,rs2280104,0,0,NA,META5
LOC100507071,39,rs2280104,0,0,NA,META5
LOC100507156,39,rs2280104,0,0,NA,META5
LOC101929237,39,rs2280104,0,0,NA,META5
LOC107986876,39,rs2280104,0,0,NA,META5
LOC254896,39,rs2280104,0,0,NA,META5
LOC286059,39,rs2280104,0,0,NA,META5
LOC389641,39,rs2280104,0,0,NA,META5
LOXL2,39,rs2280104,0,0,NA,META5
MIR320A,39,rs2280104,0,0,NA,META5
NPM2,39,rs2280104,0,0,NA,META5
NUDT18,39,rs2280104,0,0,NA,META5
PDLIM2,39,rs2280104,1,1,1,META5
PEBP4,39,rs2280104,0,0,NA,META5
PHYHIP,39,rs2280104,0,0,NA,META5
PIWIL2,39,rs2280104,0,0,NA,META5
POLR3D,39,rs2280104,0,0,NA,META5
PPP3CC,39,rs2280104,0,0,NA,META5
R3HCC1,39,rs2280104,0,0,NA,META5
REEP4,39,rs2280104,1,0,0,META5
RHOBTB2,39,rs2280104,1,0,0,META5
SFTPC,39,rs2280104,0,0,NA,META5
SLC25A37,39,rs2280104,0,0,NA,META5
SLC39A14,39,rs2280104,0,0,NA,META5
SORBS3,39,rs2280104,0,0,NA,META5
TNFRSF10A,39,rs2280104,0,0,NA,META5
TNFRSF10B,39,rs2280104,0,0,NA,META5
TNFRSF10C,39,rs2280104,0,0,NA,META5
TNFRSF10D,39,rs2280104,0,0,NA,META5
XPO7,39,rs2280104,0,0,NA,META5
AVPR1B,4,rs823118,0,0,NA,META5
AVPR1B,4,rs11557080,0,0,NA,META5
BLACAT1,4,rs823118,0,0,NA,META5
BLACAT1,4,rs11557080,0,0,NA,META5
CDK18,4,rs823118,0,0,NA,META5
CDK18,4,rs11557080,0,0,NA,META5
CNTN2,4,rs823118,0,0,NA,META5
CNTN2,4,rs11557080,0,0,NA,META5
CTSE,4,rs823118,0,0,NA,META5
CTSE,4,rs11557080,0,0,NA,META5
DSTYK,4,rs823118,0,0,NA,META5
DSTYK,4,rs11557080,0,0,NA,META5
ELK4,4,rs823118,0,0,NA,META5
ELK4,4,rs11557080,0,0,NA,META5
FAM72A,4,rs823118,0,0,NA,META5
FAM72A,4,rs11557080,0,0,NA,META5
FAM72C,4,rs823118,0,0,NA,META5
FAM72C,4,rs11557080,0,0,NA,META5
IKBKE,4,rs823118,0,0,NA,META5
IKBKE,4,rs11557080,0,0,NA,META5
KLHDC8A,4,rs823118,0,0,NA,META5
KLHDC8A,4,rs11557080,0,0,NA,META5
LEMD1,4,rs823118,0,0,NA,META5
LEMD1,4,rs11557080,0,0,NA,META5
LEMD1-AS1,4,rs823118,0,0,NA,META5
LEMD1-AS1,4,rs11557080,1,0,0,META5
LEMD1-DT,4,rs823118,0,0,NA,META5
LEMD1-DT,4,rs11557080,0,0,NA,META5
LOC284581,4,rs823118,0,0,NA,META5
LOC284581,4,rs11557080,0,0,NA,META5
MFSD4A,4,rs823118,0,0,NA,META5
MFSD4A,4,rs11557080,0,0,NA,META5
MFSD4A-AS1,4,rs823118,0,0,NA,META5
MFSD4A-AS1,4,rs11557080,0,0,NA,META5
MIR135B,4,rs823118,0,0,NA,META5
MIR135B,4,rs11557080,0,0,NA,META5
MIR6769B,4,rs823118,0,0,NA,META5
MIR6769B,4,rs11557080,0,0,NA,META5
NFASC,4,rs823118,0,0,NA,META5
NFASC,4,rs11557080,0,0,NA,META5
NUAK2,4,rs823118,0,0,NA,META5
NUAK2,4,rs11557080,0,0,NA,META5
NUCKS1,4,rs823118,1,1,1,META5
NUCKS1,4,rs11557080,0,1,1,META5
PM20D1,4,rs823118,1,1,0,META5
PM20D1,4,rs11557080,0,1,0,META5
RAB29,4,rs823118,1,1,1,META5
RAB29,4,rs11557080,1,1,1,META5
RASSF5,4,rs823118,0,0,NA,META5
RASSF5,4,rs11557080,0,0,NA,META5
RBBP5,4,rs823118,0,0,NA,META5
RBBP5,4,rs11557080,0,0,NA,META5
RHEX,4,rs823118,0,0,NA,META5
RHEX,4,rs11557080,0,0,NA,META5
SLC26A9,4,rs823118,1,0,0,META5
SLC26A9,4,rs11557080,0,0,NA,META5
SLC41A1,4,rs823118,0,1,0,META5
SLC41A1,4,rs11557080,1,1,0,META5
SLC45A3,4,rs823118,1,1,0,META5
SLC45A3,4,rs11557080,0,1,0,META5
SRGAP2,4,rs823118,0,0,NA,META5
SRGAP2,4,rs11557080,1,0,0,META5
SRGAP2D,4,rs823118,0,0,NA,META5
SRGAP2D,4,rs11557080,0,0,NA,META5
TMCC2,4,rs823118,0,0,NA,META5
TMCC2,4,rs11557080,0,0,NA,META5
TMEM81,4,rs823118,0,0,NA,META5
TMEM81,4,rs11557080,0,0,NA,META5
ADCY8,40,rs2086641,0,0,NA,META5
ASAP1,40,rs2086641,0,1,0,META5
ASAP1-IT1,40,rs2086641,0,0,NA,META5
ASAP1-IT2,40,rs2086641,0,0,NA,META5
CCDC26,40,rs2086641,0,0,NA,META5
FAM49B,40,rs2086641,1,1,0,META5
GSDMC,40,rs2086641,0,0,NA,META5
LINC00976,40,rs2086641,0,0,NA,META5
LINC00977,40,rs2086641,0,0,NA,META5
MIR3686,40,rs2086641,0,0,NA,META5
MIR5194,40,rs2086641,0,0,NA,META5
ADAMTSL1,41,rs13294100,1,0,0,META5
ADAMTSL1,41,rs10756907,0,0,NA,META5
BNC2,41,rs13294100,1,0,0,META5
BNC2,41,rs10756907,1,0,0,META5
BNC2-AS1,41,rs13294100,0,0,NA,META5
BNC2-AS1,41,rs10756907,0,0,NA,META5
CNTLN,41,rs13294100,0,0,NA,META5
CNTLN,41,rs10756907,0,0,NA,META5
MIR3152,41,rs13294100,0,0,NA,META5
MIR3152,41,rs10756907,0,0,NA,META5
SH3GL2,41,rs13294100,1,0,1,META5
SH3GL2,41,rs10756907,1,0,1,META5
ANKRD18B,42,rs6476434,0,0,NA,META5
ANXA2P2,42,rs6476434,0,0,NA,META5
AQP3,42,rs6476434,0,1,0,META5
AQP7,42,rs6476434,0,0,NA,META5
ARID3C,42,rs6476434,1,0,0,META5
B4GALT1,42,rs6476434,0,0,NA,META5
B4GALT1-AS1,42,rs6476434,0,0,NA,META5
BAG1,42,rs6476434,1,0,1,META5
C9orf131,42,rs6476434,0,0,NA,META5
C9orf24,42,rs6476434,1,0,0,META5
CCL19,42,rs6476434,0,0,NA,META5
CCL21,42,rs6476434,0,0,NA,META5
CCL27,42,rs6476434,0,0,NA,META5
CHMP5,42,rs6476434,0,0,NA,META5
CNTFR,42,rs6476434,0,0,NA,META5
CNTFR-AS1,42,rs6476434,1,0,0,META5
DCAF12,42,rs6476434,0,0,NA,META5
DCTN3,42,rs6476434,1,1,0,META5
DNAI1,42,rs6476434,0,0,NA,META5
DNAJB5,42,rs6476434,0,0,NA,META5
DNAJB5-DT,42,rs6476434,0,0,NA,META5
ENHO,42,rs6476434,0,0,NA,META5
FAM205A,42,rs6476434,1,0,0,META5
FAM205BP,42,rs6476434,0,0,NA,META5
FAM205C,42,rs6476434,0,0,NA,META5
FAM219A,42,rs6476434,0,0,NA,META5
GALT,42,rs6476434,0,0,NA,META5
IL11RA,42,rs6476434,0,0,NA,META5
KIF24,42,rs6476434,0,1,0,META5
LINC01251,42,rs6476434,0,0,NA,META5
LOC730098,42,rs6476434,0,0,NA,META5
MIR12117,42,rs6476434,0,0,NA,META5
MIR6851,42,rs6476434,0,0,NA,META5
MYORG,42,rs6476434,0,0,NA,META5
NFX1,42,rs6476434,0,0,NA,META5
NOL6,42,rs6476434,0,0,NA,META5
NUDT2,42,rs6476434,1,1,0,META5
PHF24,42,rs6476434,0,0,NA,META5
PRSS3,42,rs6476434,1,0,1,META5
PTENP1,42,rs6476434,1,0,0,META5
PTENP1-AS,42,rs6476434,0,0,NA,META5
RPP25L,42,rs6476434,0,1,0,META5
SIGMAR1,42,rs6476434,0,1,0,META5
SMU1,42,rs6476434,1,0,0,META5
SNORD121A,42,rs6476434,0,0,NA,META5
SNORD121B,42,rs6476434,0,0,NA,META5
SPINK4,42,rs6476434,0,0,NA,META5
SUGT1P1,42,rs6476434,0,0,NA,META5
UBAP1,42,rs6476434,1,1,0,META5
UBAP2,42,rs6476434,1,0,0,META5
UBE2R2,42,rs6476434,1,0,0,META5
ACBD7,43,rs896435,0,0,NA,META5
ACBD7-DCLRE1CP1,43,rs896435,0,0,NA,META5
C1QL3,43,rs896435,0,0,NA,META5
CDNF,43,rs896435,0,0,NA,META5
DCLRE1C,43,rs896435,1,0,0,META5
DCLRE1CP1,43,rs896435,0,0,NA,META5
FAM107B,43,rs896435,0,0,NA,META5
FAM171A1,43,rs896435,0,0,NA,META5
HSPA14,43,rs896435,0,0,NA,META5
ITGA8,43,rs896435,1,0,1,META5
MEIG1,43,rs896435,0,0,NA,META5
MINDY3,43,rs896435,0,0,NA,META5
NMT2,43,rs896435,0,0,NA,META5
OLAH,43,rs896435,1,0,0,META5
PPIAP30,43,rs896435,0,0,NA,META5
PTER,43,rs896435,1,0,1,META5
RPP38,43,rs896435,0,0,NA,META5
RPP38-DT,43,rs896435,0,0,NA,META5
SUV39H2,43,rs896435,0,0,NA,META5
ACTR1A,44,rs10748818,0,0,NA,META5
ARL3,44,rs10748818,0,0,NA,META5
ARMH3,44,rs10748818,0,0,NA,META5
AS3MT,44,rs10748818,1,1,0,META5
BORCS7,44,rs10748818,0,0,NA,META5
BORCS7-ASMT,44,rs10748818,0,0,NA,META5
BTRC,44,rs10748818,1,0,0,META5
C10orf95,44,rs10748818,0,0,NA,META5
CNNM2,44,rs10748818,0,0,NA,META5
CUEDC2,44,rs10748818,1,0,0,META5
CYP17A1,44,rs10748818,0,0,NA,META5
DPCD,44,rs10748818,0,0,NA,META5
ELOVL3,44,rs10748818,0,0,NA,META5
FBXL15,44,rs10748818,0,0,NA,META5
FBXW4,44,rs10748818,0,0,NA,META5
FGF8,44,rs10748818,1,0,0,META5
GBF1,44,rs10748818,0,0,NA,META5
HPS6,44,rs10748818,1,0,0,META5
KCNIP2,44,rs10748818,0,0,NA,META5
KCNIP2-AS1,44,rs10748818,0,0,NA,META5
LDB1,44,rs10748818,0,0,NA,META5
LINC02681,44,rs10748818,0,0,NA,META5
LOC107984265,44,rs10748818,0,0,NA,META5
MFSD13A,44,rs10748818,0,0,NA,META5
MIR146B,44,rs10748818,0,0,NA,META5
MIR3158-1,44,rs10748818,0,0,NA,META5
MIR3158-2,44,rs10748818,0,0,NA,META5
NFKB2,44,rs10748818,1,0,0,META5
NOLC1,44,rs10748818,0,0,NA,META5
NPM3,44,rs10748818,0,0,NA,META5
NT5C2,44,rs10748818,0,0,NA,META5
OGA,44,rs10748818,0,0,NA,META5
PITX3,44,rs10748818,0,0,NA,META5
POLL,44,rs10748818,0,0,NA,META5
PPRC1,44,rs10748818,0,0,NA,META5
PSD,44,rs10748818,0,0,NA,META5
RPARP-AS1,44,rs10748818,1,0,0,META5
RPEL1,44,rs10748818,0,0,NA,META5
SFXN2,44,rs10748818,1,1,0,META5
SUFU,44,rs10748818,0,0,NA,META5
TRIM8,44,rs10748818,0,0,NA,META5
WBP1L,44,rs10748818,0,0,NA,META5
BAG3,45,rs72840788,1,1,0,META5
BAG3,45,rs117896735,0,1,0,META5
CACUL1,45,rs72840788,1,0,1,META5
CACUL1,45,rs117896735,0,0,NA,META5
EIF3A,45,rs72840788,0,0,NA,META5
EIF3A,45,rs117896735,0,0,NA,META5
FAM45A,45,rs72840788,0,0,NA,META5
FAM45A,45,rs117896735,0,0,NA,META5
GRK5,45,rs72840788,0,0,NA,META5
GRK5,45,rs117896735,0,0,NA,META5
INPP5F,45,rs72840788,1,0,0,META5
INPP5F,45,rs117896735,0,0,NA,META5
LINC01561,45,rs72840788,0,0,NA,META5
LINC01561,45,rs117896735,0,0,NA,META5
MCMBP,45,rs72840788,0,1,1,META5
MCMBP,45,rs117896735,0,0,NA,META5
MIR4681,45,rs72840788,0,0,NA,META5
MIR4681,45,rs117896735,0,0,NA,META5
MIR4682,45,rs72840788,0,0,NA,META5
MIR4682,45,rs117896735,0,0,NA,META5
NANOS1,45,rs72840788,0,0,NA,META5
NANOS1,45,rs117896735,0,0,NA,META5
PLPP4,45,rs72840788,0,0,NA,META5
PLPP4,45,rs117896735,0,0,NA,META5
PRDX3,45,rs72840788,0,0,NA,META5
PRDX3,45,rs117896735,0,0,NA,META5
RGS10,45,rs72840788,0,0,NA,META5
RGS10,45,rs117896735,0,0,NA,META5
RPL21,45,rs72840788,0,0,NA,META5
RPL21,45,rs117896735,0,0,NA,META5
SEC23IP,45,rs72840788,0,0,NA,META5
SEC23IP,45,rs117896735,0,0,NA,META5
SFXN4,45,rs72840788,0,0,NA,META5
SFXN4,45,rs117896735,0,0,NA,META5
SNORA19,45,rs72840788,0,0,NA,META5
SNORA19,45,rs117896735,0,0,NA,META5
TIAL1,45,rs72840788,0,1,1,META5
TIAL1,45,rs117896735,0,0,NA,META5
WDR11-AS1,45,rs72840788,0,0,NA,META5
WDR11-AS1,45,rs117896735,0,0,NA,META5
ADM,46,rs7938782,0,0,NA,META5
AMPD3,46,rs7938782,1,1,1,META5
CAND1.11,46,rs7938782,0,0,NA,META5
CSNK2A3,46,rs7938782,0,0,NA,META5
CTR9,46,rs7938782,0,0,NA,META5
EIF4G2,46,rs7938782,0,0,NA,META5
GALNT18,46,rs7938782,0,0,NA,META5
LINC02709,46,rs7938782,0,0,NA,META5
LOC101928008,46,rs7938782,0,0,NA,META5
LOC101928053,46,rs7938782,0,0,NA,META5
LYVE1,46,rs7938782,0,1,0,META5
MIR4485,46,rs7938782,0,0,NA,META5
MRVI1,46,rs7938782,1,1,0,META5
MRVI1-AS1,46,rs7938782,1,1,1,META5
MTRNR2L8,46,rs7938782,0,0,NA,META5
RNF141,46,rs7938782,1,1,1,META5
SBF2,46,rs7938782,0,0,NA,META5
SBF2-AS1,46,rs7938782,1,0,0,META5
SNORD97,46,rs7938782,0,0,NA,META5
SWAP70,46,rs7938782,0,0,NA,META5
WEE1,46,rs7938782,1,0,0,META5
ZBED5,46,rs7938782,0,0,NA,META5
ZBED5-AS1,46,rs7938782,0,0,NA,META5
ANKRD42,47,rs12283611,0,0,NA,META5
CCDC90B,47,rs12283611,0,0,NA,META5
DDIAS,47,rs12283611,0,0,NA,META5
DLG2,47,rs12283611,0,0,NA,META5
LOC100506282,47,rs12283611,0,0,NA,META5
PCF11,47,rs12283611,0,0,NA,META5
PCF11-AS1,47,rs12283611,0,0,NA,META5
PRCP,47,rs12283611,1,1,0,META5
RAB30,47,rs12283611,0,0,NA,META5
RAB30-DT,47,rs12283611,0,0,NA,META5
SNORA70E,47,rs12283611,0,0,NA,META5
ACAD8,48,rs3802920,0,0,NA,META5
B3GAT1,48,rs3802920,0,0,NA,META5
GLB1L2,48,rs3802920,0,0,NA,META5
GLB1L3,48,rs3802920,0,0,NA,META5
IGSF9B,48,rs3802920,1,1,0,META5
JAM3,48,rs3802920,0,1,0,META5
LINC02714,48,rs3802920,0,0,NA,META5
LINC02731,48,rs3802920,0,0,NA,META5
LINC02743,48,rs3802920,0,0,NA,META5
LOC283177,48,rs3802920,0,0,NA,META5
MIR4697,48,rs3802920,1,0,0,META5
MIR4697HG,48,rs3802920,0,0,NA,META5
NCAPD3,48,rs3802920,0,0,NA,META5
OPCML,48,rs3802920,0,0,NA,META5
SNORD153,48,rs3802920,0,0,NA,META5
SPATA19,48,rs3802920,0,0,NA,META5
THYN1,48,rs3802920,0,0,NA,META5
VPS26B,48,rs3802920,0,0,NA,META5
ABCD2,49,rs76904798,0,0,NA,META5
ABCD2,49,rs34637584,0,0,NA,META5
C12orf40,49,rs76904798,0,0,NA,META5
C12orf40,49,rs34637584,0,0,NA,META5
CNTN1,49,rs76904798,0,0,NA,META5
CNTN1,49,rs34637584,0,0,NA,META5
KIF21A,49,rs76904798,0,0,NA,META5
KIF21A,49,rs34637584,0,0,NA,META5
LINC02471,49,rs76904798,0,0,NA,META5
LINC02471,49,rs34637584,0,0,NA,META5
LRRK2,49,rs76904798,0,1,0,META5
LRRK2,49,rs34637584,0,0,NA,META5
MUC19,49,rs76904798,0,0,NA,META5
MUC19,49,rs34637584,0,0,NA,META5
PDZRN4,49,rs76904798,1,0,0,META5
PDZRN4,49,rs34637584,0,0,NA,META5
SLC2A13,49,rs76904798,0,0,NA,META5
SLC2A13,49,rs34637584,0,0,NA,META5
ACBD3,5,rs4653767,0,0,NA,META5
ACBD3-AS1,5,rs4653767,0,0,NA,META5
CDC42BPA,5,rs4653767,1,0,0,META5
COQ8A,5,rs4653767,0,0,NA,META5
EPHX1,5,rs4653767,0,0,NA,META5
H3F3A,5,rs4653767,0,0,NA,META5
H3F3AP4,5,rs4653767,0,0,NA,META5
ITPKB,5,rs4653767,0,1,0,META5
ITPKB-IT1,5,rs4653767,0,0,NA,META5
LEFTY1,5,rs4653767,1,0,0,META5
LEFTY2,5,rs4653767,0,0,NA,META5
LIN9,5,rs4653767,1,0,1,META5
LINC01703,5,rs4653767,0,0,NA,META5
MIR6741,5,rs4653767,0,0,NA,META5
MIXL1,5,rs4653767,0,0,NA,META5
PARP1,5,rs4653767,0,1,0,META5
PSEN2,5,rs4653767,1,0,0,META5
PYCR2,5,rs4653767,0,0,NA,META5
SDE2,5,rs4653767,0,0,NA,META5
SNAP47,5,rs4653767,0,0,NA,META5
SRP9,5,rs4653767,0,0,NA,META5
STUM,5,rs4653767,1,0,0,META5
TMEM63A,5,rs4653767,0,0,NA,META5
ZNF678,5,rs4653767,0,0,NA,META5
ZNF847P,5,rs4653767,0,0,NA,META5
ANO6,50,rs7134559,0,0,NA,META5
ARID2,50,rs7134559,0,1,0,META5
DBX2,50,rs7134559,0,0,NA,META5
LINC00938,50,rs7134559,0,0,NA,META5
LOC100288798,50,rs7134559,0,0,NA,META5
PLEKHA8P1,50,rs7134559,0,0,NA,META5
RACGAP1P,50,rs7134559,0,0,NA,META5
SCAF11,50,rs7134559,0,0,NA,META5
SLC38A1,50,rs7134559,0,1,0,META5
SLC38A2,50,rs7134559,0,0,NA,META5
SLC38A4,50,rs7134559,0,0,NA,META5
ABCB9,51,rs10847864,1,0,0,META5
ARL6IP4,51,rs10847864,0,1,0,META5
ATP6V0A2,51,rs10847864,0,0,NA,META5
B3GNT4,51,rs10847864,0,0,NA,META5
BCL7A,51,rs10847864,0,0,NA,META5
C12orf65,51,rs10847864,0,0,NA,META5
CCDC62,51,rs10847864,0,1,0,META5
CDK2AP1,51,rs10847864,0,1,0,META5
CLIP1,51,rs10847864,0,0,NA,META5
CLIP1-AS1,51,rs10847864,0,0,NA,META5
DDX55,51,rs10847864,1,1,0,META5
DENR,51,rs10847864,0,1,1,META5
DIABLO,51,rs10847864,0,0,NA,META5
DNAH10,51,rs10847864,0,0,NA,META5
EIF2B1,51,rs10847864,0,0,NA,META5
GTF2H3,51,rs10847864,0,0,NA,META5
HCAR1,51,rs10847864,0,1,0,META5
HCAR2,51,rs10847864,0,1,0,META5
HCAR3,51,rs10847864,0,1,0,META5
HIP1R,51,rs10847864,1,1,0,META5
IL31,51,rs10847864,0,0,NA,META5
KMT5A,51,rs10847864,0,0,NA,META5
KNTC1,51,rs10847864,0,0,NA,META5
LOC100506691,51,rs10847864,0,0,NA,META5
LOC101593348,51,rs10847864,0,0,NA,META5
LRRC43,51,rs10847864,0,0,NA,META5
MIR3908,51,rs10847864,0,0,NA,META5
MIR4304,51,rs10847864,0,0,NA,META5
MIR8072,51,rs10847864,0,0,NA,META5
MIR9902-1,51,rs10847864,0,0,NA,META5
MIR9902-2,51,rs10847864,0,0,NA,META5
MLXIP,51,rs10847864,0,0,NA,META5
MPHOSPH9,51,rs10847864,0,0,NA,META5
OGFOD2,51,rs10847864,0,0,NA,META5
PITPNM2,51,rs10847864,0,0,NA,META5
PITPNM2-AS1,51,rs10847864,0,0,NA,META5
PSMD9,51,rs10847864,1,0,0,META5
RILPL1,51,rs10847864,1,0,0,META5
RILPL2,51,rs10847864,0,1,0,META5
RSRC2,51,rs10847864,0,0,NA,META5
SBNO1,51,rs10847864,0,0,NA,META5
SBNO1-AS1,51,rs10847864,0,0,NA,META5
SNORA9B,51,rs10847864,0,0,NA,META5
SNRNP35,51,rs10847864,0,0,NA,META5
TCTN2,51,rs10847864,0,0,NA,META5
TMED2,51,rs10847864,0,0,NA,META5
TMED2-DT,51,rs10847864,0,0,NA,META5
VPS33A,51,rs10847864,1,0,0,META5
VPS37B,51,rs10847864,0,1,0,META5
WDR66,51,rs10847864,0,0,NA,META5
ZCCHC8,51,rs10847864,0,0,NA,META5
ANHX,52,rs11610045,0,0,NA,META5
ANKLE2,52,rs11610045,0,0,NA,META5
CHFR,52,rs11610045,0,0,NA,META5
DDX51,52,rs11610045,0,0,NA,META5
EP400,52,rs11610045,0,0,NA,META5
EP400P1,52,rs11610045,0,0,NA,META5
FBRSL1,52,rs11610045,0,1,0,META5
GALNT9,52,rs11610045,0,0,NA,META5
GOLGA3,52,rs11610045,0,0,NA,META5
LINC02361,52,rs11610045,0,0,NA,META5
LINC02414,52,rs11610045,0,0,NA,META5
LOC100130238,52,rs11610045,0,0,NA,META5
LOC101928416,52,rs11610045,0,0,NA,META5
LOC101928530,52,rs11610045,0,0,NA,META5
LOC101928597,52,rs11610045,0,0,NA,META5
LRCOL1,52,rs11610045,1,1,1,META5
MIR6763,52,rs11610045,0,0,NA,META5
MMP17,52,rs11610045,0,0,NA,META5
NOC4L,52,rs11610045,0,0,NA,META5
P2RX2,52,rs11610045,1,0,0,META5
PGAM5,52,rs11610045,1,0,0,META5
POLE,52,rs11610045,0,0,NA,META5
PUS1,52,rs11610045,0,0,NA,META5
PXMP2,52,rs11610045,0,0,NA,META5
SFSWAP,52,rs11610045,0,0,NA,META5
SNORA49,52,rs11610045,0,0,NA,META5
ULK1,52,rs11610045,0,0,NA,META5
ZNF10,52,rs11610045,0,0,NA,META5
ZNF140,52,rs11610045,1,0,0,META5
ZNF26,52,rs11610045,0,0,NA,META5
ZNF268,52,rs11610045,0,0,NA,META5
ZNF605,52,rs11610045,0,1,0,META5
ZNF84,52,rs11610045,0,1,0,META5
ZNF891,52,rs11610045,0,0,NA,META5
ARL11,53,rs9568188,0,0,NA,META5
CAB39L,53,rs9568188,0,1,1,META5
CDADC1,53,rs9568188,0,0,NA,META5
CTAGE10P,53,rs9568188,0,0,NA,META5
CYSLTR2,53,rs9568188,0,0,NA,META5
DLEU1,53,rs9568188,1,0,0,META5
DLEU2,53,rs9568188,0,0,NA,META5
EBPL,53,rs9568188,1,1,0,META5
FNDC3A,53,rs9568188,0,0,NA,META5
KCNRG,53,rs9568188,0,0,NA,META5
KPNA3,53,rs9568188,0,0,NA,META5
LINC00462,53,rs9568188,1,0,0,META5
LOC105370203,53,rs9568188,0,0,NA,META5
LPAR6,53,rs9568188,0,0,NA,META5
MIR15A,53,rs9568188,0,0,NA,META5
MIR16-1,53,rs9568188,0,0,NA,META5
MIR3613,53,rs9568188,0,0,NA,META5
MLNR,53,rs9568188,0,0,NA,META5
PHF11,53,rs9568188,0,0,NA,META5
RB1,53,rs9568188,0,0,NA,META5
RCBTB1,53,rs9568188,0,1,0,META5
RCBTB2,53,rs9568188,0,0,NA,META5
SETDB2,53,rs9568188,0,0,NA,META5
SETDB2-PHF11,53,rs9568188,0,0,NA,META5
SPRYD7,53,rs9568188,0,0,NA,META5
ST13P4,53,rs9568188,0,0,NA,META5
TRIM13,53,rs9568188,0,0,NA,META5
FARP1,54,rs4771268,0,0,NA,META5
HS6ST3,54,rs4771268,0,0,NA,META5
IPO5,54,rs4771268,0,0,NA,META5
LINC00359,54,rs4771268,0,0,NA,META5
LINC00456,54,rs4771268,0,0,NA,META5
MBNL2,54,rs4771268,1,1,1,META5
MIR3170,54,rs4771268,0,0,NA,META5
MIR4501,54,rs4771268,0,0,NA,META5
OXGR1,54,rs4771268,0,0,NA,META5
RAP2A,54,rs4771268,0,0,NA,META5
RNF113B,54,rs4771268,0,0,NA,META5
CLEC14A,55,rs12147950,0,0,NA,META5
FOXA1,55,rs12147950,0,0,NA,META5
LINC00517,55,rs12147950,0,0,NA,META5
MIPOL1,55,rs12147950,0,0,NA,META5
MIR4503,55,rs12147950,0,0,NA,META5
NKX2-1,55,rs12147950,0,0,NA,META5
NKX2-1-AS1,55,rs12147950,0,0,NA,META5
NKX2-8,55,rs12147950,0,0,NA,META5
PAX9,55,rs12147950,0,0,NA,META5
SLC25A21,55,rs12147950,0,0,NA,META5
SLC25A21-AS1,55,rs12147950,1,0,1,META5
SSTR1,55,rs12147950,0,0,NA,META5
TTC6,55,rs12147950,0,0,NA,META5
ATG14,56,rs11158026,1,0,0,META5
BMP4,56,rs11158026,1,0,0,META5
CDKN3,56,rs11158026,0,0,NA,META5
CGRRF1,56,rs11158026,1,0,0,META5
CNIH1,56,rs11158026,0,0,NA,META5
DLGAP5,56,rs11158026,0,0,NA,META5
FBXO34,56,rs11158026,0,1,0,META5
GCH1,56,rs11158026,1,1,0,META5
GMFB,56,rs11158026,1,0,0,META5
KTN1,56,rs11158026,0,0,NA,META5
KTN1-AS1,56,rs11158026,0,0,NA,META5
LGALS3,56,rs11158026,1,0,0,META5
LINC00520,56,rs11158026,0,0,NA,META5
MAPK1IP1L,56,rs11158026,1,0,0,META5
MIR4308,56,rs11158026,0,0,NA,META5
MIR5580,56,rs11158026,0,0,NA,META5
RPL13AP3,56,rs11158026,0,0,NA,META5
SAMD4A,56,rs11158026,0,0,NA,META5
SOCS4,56,rs11158026,0,0,NA,META5
TBPL2,56,rs11158026,0,0,NA,META5
WDHD1,56,rs11158026,1,0,1,META5
ABCD4,57,rs3742785,0,0,NA,META5
ACYP1,57,rs3742785,0,0,NA,META5
ALDH6A1,57,rs3742785,0,0,NA,META5
AREL1,57,rs3742785,1,0,0,META5
BATF,57,rs3742785,1,0,0,META5
BBOF1,57,rs3742785,0,0,NA,META5
COQ6,57,rs3742785,0,0,NA,META5
DLST,57,rs3742785,1,0,0,META5
EIF2B2,57,rs3742785,1,1,0,META5
ENTPD5,57,rs3742785,0,0,NA,META5
ERG28,57,rs3742785,0,0,NA,META5
FAM161B,57,rs3742785,0,0,NA,META5
FCF1,57,rs3742785,0,1,1,META5
FLVCR2,57,rs3742785,0,0,NA,META5
FOS,57,rs3742785,0,0,NA,META5
ISCA2,57,rs3742785,0,1,0,META5
JDP2,57,rs3742785,0,0,NA,META5
LIN52,57,rs3742785,0,0,NA,META5
LINC01220,57,rs3742785,0,0,NA,META5
LOC102724153,57,rs3742785,0,0,NA,META5
LTBP2,57,rs3742785,1,1,1,META5
MIR4709,57,rs3742785,0,0,NA,META5
MLH3,57,rs3742785,1,1,0,META5
NEK9,57,rs3742785,0,0,NA,META5
NPC2,57,rs3742785,0,0,NA,META5
PGF,57,rs3742785,1,1,1,META5
PROX2,57,rs3742785,1,1,1,META5
RPS6KL1,57,rs3742785,0,1,0,META5
SYNDIG1L,57,rs3742785,0,0,NA,META5
TMED10,57,rs3742785,1,0,0,META5
TTLL5,57,rs3742785,0,0,NA,META5
VRTN,57,rs3742785,0,0,NA,META5
VSX2,57,rs3742785,0,0,NA,META5
YLPM1,57,rs3742785,1,1,0,META5
ZC2HC1C,57,rs3742785,0,0,NA,META5
ZNF410,57,rs3742785,0,0,NA,META5
EML5,58,rs979812,0,0,NA,META5
GALC,58,rs979812,1,1,0,META5
GPR65,58,rs979812,1,1,1,META5
KCNK10,58,rs979812,0,0,NA,META5
LINC01146,58,rs979812,0,0,NA,META5
LINC01147,58,rs979812,0,0,NA,META5
LINC02330,58,rs979812,0,0,NA,META5
PTPN21,58,rs979812,0,0,NA,META5
SPATA7,58,rs979812,0,0,NA,META5
TTC8,58,rs979812,0,0,NA,META5
ZC3H14,58,rs979812,1,0,0,META5
C2CD4A,59,rs2251086,1,0,0,META5
C2CD4B,59,rs2251086,0,0,NA,META5
GOLGA2P11,59,rs2251086,0,0,NA,META5
LINC02349,59,rs2251086,0,0,NA,META5
LOC101928907,59,rs2251086,0,0,NA,META5
LOC107984784,59,rs2251086,0,0,NA,META5
MGC15885,59,rs2251086,0,0,NA,META5
MIR6085,59,rs2251086,0,0,NA,META5
MIR8067,59,rs2251086,0,0,NA,META5
RORA,59,rs2251086,0,0,NA,META5
TLN2,59,rs2251086,0,0,NA,META5
VPS13C,59,rs2251086,0,0,NA,META5
DISC1,6,rs10797576,0,0,NA,META5
DISC1-IT1,6,rs10797576,0,0,NA,META5
DISC2,6,rs10797576,0,0,NA,META5
LINC00582,6,rs10797576,0,0,NA,META5
LINC01744,6,rs10797576,0,0,NA,META5
LINC01745,6,rs10797576,0,0,NA,META5
MAP10,6,rs10797576,0,0,NA,META5
MAP3K21,6,rs10797576,0,0,NA,META5
NTPCR,6,rs10797576,0,0,NA,META5
PCNX2,6,rs10797576,0,0,NA,META5
SIPA1L2,6,rs10797576,0,1,0,META5
TSNAX,6,rs10797576,0,0,NA,META5
TSNAX-DISC1,6,rs10797576,0,0,NA,META5
ABCC6P1,60,rs6497339,0,0,NA,META5
ARL6IP1,60,rs6497339,0,0,NA,META5
CCP110,60,rs6497339,0,0,NA,META5
CLEC19A,60,rs6497339,1,0,0,META5
COQ7,60,rs6497339,0,0,NA,META5
GDE1,60,rs6497339,0,0,NA,META5
GPR139,60,rs6497339,0,0,NA,META5
GPRC5B,60,rs6497339,0,0,NA,META5
IQCK,60,rs6497339,0,0,NA,META5
ITPRIPL2,60,rs6497339,0,0,NA,META5
KNOP1,60,rs6497339,0,0,NA,META5
LOC100288162,60,rs6497339,0,0,NA,META5
LOC102723385,60,rs6497339,0,0,NA,META5
MIR3179-1,60,rs6497339,0,0,NA,META5
MIR3179-2,60,rs6497339,0,0,NA,META5
MIR3179-3,60,rs6497339,0,0,NA,META5
MIR3179-4,60,rs6497339,0,0,NA,META5
MIR3180-1,60,rs6497339,0,0,NA,META5
MIR3180-2,60,rs6497339,0,0,NA,META5
MIR3180-3,60,rs6497339,0,0,NA,META5
MIR3670-1,60,rs6497339,0,0,NA,META5
MIR3670-2,60,rs6497339,0,0,NA,META5
MIR3670-3,60,rs6497339,0,0,NA,META5
MIR3670-4,60,rs6497339,0,0,NA,META5
MIR6511A1,60,rs6497339,0,0,NA,META5
MIR6511A2,60,rs6497339,0,0,NA,META5
MIR6511A3,60,rs6497339,0,0,NA,META5
MIR6511A4,60,rs6497339,0,0,NA,META5
MIR6770-1,60,rs6497339,0,0,NA,META5
MIR6770-2,60,rs6497339,0,0,NA,META5
MIR6770-3,60,rs6497339,0,0,NA,META5
NOMO2,60,rs6497339,0,0,NA,META5
NPIPA7,60,rs6497339,0,0,NA,META5
NPIPA8,60,rs6497339,0,0,NA,META5
PKD1P4-NPIPA8,60,rs6497339,0,0,NA,META5
PKD1P5-LOC105376752,60,rs6497339,0,0,NA,META5
RPS15A,60,rs6497339,0,0,NA,META5
SMG1,60,rs6497339,1,0,0,META5
SYT17,60,rs6497339,1,1,1,META5
TMC5,60,rs6497339,1,0,0,META5
TMC7,60,rs6497339,0,0,NA,META5
VPS35L,60,rs6497339,0,0,NA,META5
APOBR,61,rs2904880,0,1,1,META5
ASPHD1,61,rs2904880,0,0,NA,META5
ATP2A1,61,rs2904880,1,1,1,META5
ATP2A1-AS1,61,rs2904880,0,0,NA,META5
ATXN2L,61,rs2904880,0,0,NA,META5
BOLA2,61,rs2904880,0,0,NA,META5
BOLA2B,61,rs2904880,0,0,NA,META5
BOLA2-SMG1P6,61,rs2904880,0,0,NA,META5
C16orf54,61,rs2904880,0,0,NA,META5
CD19,61,rs2904880,0,0,NA,META5
CDIPT,61,rs2904880,0,0,NA,META5
CDIPTOSP,61,rs2904880,0,0,NA,META5
CLN3,61,rs2904880,0,1,1,META5
EIF3C,61,rs2904880,1,1,1,META5
EIF3CL,61,rs2904880,1,1,1,META5
GSG1L,61,rs2904880,0,0,NA,META5
IL27,61,rs2904880,0,1,0,META5
KCTD13,61,rs2904880,0,0,NA,META5
KIF22,61,rs2904880,0,0,NA,META5
LAT,61,rs2904880,1,0,1,META5
LOC388242,61,rs2904880,0,0,NA,META5
LOC606724,61,rs2904880,0,0,NA,META5
LOC613038,61,rs2904880,0,0,NA,META5
MAZ,61,rs2904880,0,0,NA,META5
MIR3680-1,61,rs2904880,0,0,NA,META5
MIR3680-2,61,rs2904880,0,0,NA,META5
MIR4517,61,rs2904880,0,0,NA,META5
MIR4721,61,rs2904880,1,0,0,META5
MIR6862-1,61,rs2904880,0,0,NA,META5
MIR6862-2,61,rs2904880,0,0,NA,META5
MVP,61,rs2904880,0,0,NA,META5
NFATC2IP,61,rs2904880,1,1,1,META5
NPIPB11,61,rs2904880,0,0,NA,META5
NPIPB12,61,rs2904880,0,0,NA,META5
NPIPB6,61,rs2904880,1,0,0,META5
NPIPB8,61,rs2904880,0,0,NA,META5
NPIPB9,61,rs2904880,0,0,NA,META5
NUPR1,61,rs2904880,1,0,1,META5
PAGR1,61,rs2904880,0,0,NA,META5
PRRT2,61,rs2904880,0,0,NA,META5
QPRT,61,rs2904880,0,0,NA,META5
RABEP2,61,rs2904880,1,0,1,META5
RRN3P2,61,rs2904880,0,0,NA,META5
SBK1,61,rs2904880,0,1,0,META5
SEZ6L2,61,rs2904880,0,0,NA,META5
SGF29,61,rs2904880,0,0,NA,META5
SH2B1,61,rs2904880,1,1,1,META5
SLX1A,61,rs2904880,0,0,NA,META5
SLX1A-SULT1A3,61,rs2904880,0,0,NA,META5
SLX1B,61,rs2904880,0,0,NA,META5
SLX1B-SULT1A4,61,rs2904880,0,0,NA,META5
SMG1P2,61,rs2904880,0,0,NA,META5
SMG1P6,61,rs2904880,0,0,NA,META5
SNX29P2,61,rs2904880,0,0,NA,META5
SPN,61,rs2904880,0,0,NA,META5
SPNS1,61,rs2904880,1,1,1,META5
SULT1A1,61,rs2904880,1,1,0,META5
SULT1A2,61,rs2904880,1,1,1,META5
SULT1A3,61,rs2904880,0,0,NA,META5
SULT1A4,61,rs2904880,0,0,NA,META5
TUFM,61,rs2904880,1,1,1,META5
XPO6,61,rs2904880,1,1,1,META5
ZG16,61,rs2904880,0,0,NA,META5
AHSP,62,rs11150601,0,1,0,META5
ALDOA,62,rs11150601,0,0,NA,META5
ARMC5,62,rs11150601,1,1,0,META5
BCKDK,62,rs11150601,0,1,1,META5
BCL7C,62,rs11150601,1,1,0,META5
BOLA2,62,rs11150601,0,0,NA,META5
BOLA2B,62,rs11150601,0,0,NA,META5
C16orf58,62,rs11150601,1,0,0,META5
C16orf92,62,rs11150601,0,0,NA,META5
CCDC189,62,rs11150601,1,0,0,META5
CD2BP2,62,rs11150601,1,0,0,META5
CLUHP3,62,rs11150601,0,0,NA,META5
CORO1A,62,rs11150601,0,0,NA,META5
COX6A2,62,rs11150601,1,0,0,META5
CTF1,62,rs11150601,0,0,NA,META5
DCTPP1,62,rs11150601,0,0,NA,META5
DOC2A,62,rs11150601,0,0,NA,META5
FBRS,62,rs11150601,0,0,NA,META5
FBXL19,62,rs11150601,0,0,NA,META5
FBXL19-AS1,62,rs11150601,0,0,NA,META5
FRG2KP,62,rs11150601,0,0,NA,META5
FUS,62,rs11150601,1,0,0,META5
GDPD3,62,rs11150601,0,0,NA,META5
HIRIP3,62,rs11150601,0,0,NA,META5
HSD3B7,62,rs11150601,0,1,1,META5
INO80E,62,rs11150601,0,1,0,META5
ITGAD,62,rs11150601,0,1,0,META5
ITGAL,62,rs11150601,0,1,0,META5
ITGAM,62,rs11150601,0,1,0,META5
ITGAX,62,rs11150601,1,1,1,META5
KAT8,62,rs11150601,1,1,1,META5
LINC02190,62,rs11150601,0,0,NA,META5
LOC101928595,62,rs11150601,0,0,NA,META5
LOC112694756,62,rs11150601,0,0,NA,META5
LOC388242,62,rs11150601,0,0,NA,META5
LOC606724,62,rs11150601,0,0,NA,META5
LOC613038,62,rs11150601,0,0,NA,META5
LOC730183,62,rs11150601,0,0,NA,META5
MAPK3,62,rs11150601,0,1,0,META5
MIR4518,62,rs11150601,0,0,NA,META5
MIR4519,62,rs11150601,1,0,0,META5
MIR762,62,rs11150601,0,0,NA,META5
MIR762HG,62,rs11150601,0,0,NA,META5
MYLPF,62,rs11150601,0,0,NA,META5
NPIPB12,62,rs11150601,0,0,NA,META5
NPIPB13,62,rs11150601,0,0,NA,META5
ORAI3,62,rs11150601,0,1,1,META5
PHKG2,62,rs11150601,0,0,NA,META5
PPP4C,62,rs11150601,0,0,NA,META5
PRR14,62,rs11150601,0,1,0,META5
PRSS36,62,rs11150601,1,1,0,META5
PRSS53,62,rs11150601,0,1,1,META5
PRSS8,62,rs11150601,0,0,NA,META5
PYCARD,62,rs11150601,0,0,NA,META5
PYCARD-AS1,62,rs11150601,0,0,NA,META5
PYDC1,62,rs11150601,1,0,0,META5
RNF40,62,rs11150601,1,1,0,META5
SEPHS2,62,rs11150601,0,0,NA,META5
SEPTIN1,62,rs11150601,0,0,NA,META5
SETD1A,62,rs11150601,1,1,1,META5
SLC5A2,62,rs11150601,0,0,NA,META5
SLX1A,62,rs11150601,0,0,NA,META5
SLX1A-SULT1A3,62,rs11150601,0,0,NA,META5
SLX1B,62,rs11150601,0,0,NA,META5
SLX1B-SULT1A4,62,rs11150601,0,0,NA,META5
SMG1P5,62,rs11150601,0,0,NA,META5
SNORA30,62,rs11150601,0,0,NA,META5
SNORA80C,62,rs11150601,0,0,NA,META5
SRCAP,62,rs11150601,0,0,NA,META5
STX1B,62,rs11150601,1,1,1,META5
STX4,62,rs11150601,1,1,1,META5
SULT1A3,62,rs11150601,0,0,NA,META5
SULT1A4,62,rs11150601,0,0,NA,META5
TAOK2,62,rs11150601,1,0,0,META5
TBC1D10B,62,rs11150601,0,0,NA,META5
TBX6,62,rs11150601,0,0,NA,META5
TGFB1I1,62,rs11150601,0,0,NA,META5
TLCD3B,62,rs11150601,0,0,NA,META5
TMEM219,62,rs11150601,0,0,NA,META5
TMEM265,62,rs11150601,0,0,NA,META5
TRIM72,62,rs11150601,1,0,0,META5
VKORC1,62,rs11150601,0,1,1,META5
VN1R3,62,rs11150601,0,0,NA,META5
YBX3P1,62,rs11150601,0,0,NA,META5
YPEL3,62,rs11150601,0,0,NA,META5
ZNF267,62,rs11150601,0,0,NA,META5
ZNF48,62,rs11150601,0,0,NA,META5
ZNF629,62,rs11150601,0,0,NA,META5
ZNF646,62,rs11150601,1,0,0,META5
ZNF668,62,rs11150601,1,1,1,META5
ZNF688,62,rs11150601,0,0,NA,META5
ZNF689,62,rs11150601,0,0,NA,META5
ZNF720,62,rs11150601,0,0,NA,META5
ZNF747,62,rs11150601,1,0,0,META5
ZNF764,62,rs11150601,0,0,NA,META5
ZNF768,62,rs11150601,0,0,NA,META5
ZNF771,62,rs11150601,0,0,NA,META5
ZNF785,62,rs11150601,0,1,0,META5
ZNF843,62,rs11150601,0,0,NA,META5
ADCY7,63,rs6500328,0,0,NA,META5
BRD7,63,rs6500328,0,0,NA,META5
CNEP1R1,63,rs6500328,1,0,0,META5
CYLD,63,rs6500328,1,1,0,META5
HEATR3,63,rs6500328,0,0,NA,META5
LINC02127,63,rs6500328,0,0,NA,META5
LINC02168,63,rs6500328,0,0,NA,META5
LINC02178,63,rs6500328,0,0,NA,META5
LOC101927272,63,rs6500328,0,0,NA,META5
MIR3181,63,rs6500328,0,0,NA,META5
MIR6771,63,rs6500328,0,0,NA,META5
NKD1,63,rs6500328,0,0,NA,META5
NOD2,63,rs6500328,0,1,1,META5
SALL1,63,rs6500328,0,0,NA,META5
SNX20,63,rs6500328,0,0,NA,META5
TENT4B,63,rs6500328,0,0,NA,META5
ZNF423,63,rs6500328,0,0,NA,META5
AKTIP,64,rs3104783,0,0,NA,META5
C16orf97,64,rs3104783,0,0,NA,META5
CASC16,64,rs3104783,0,0,NA,META5
CASC22,64,rs3104783,0,0,NA,META5
CHD9,64,rs3104783,0,0,NA,META5
LINC00919,64,rs3104783,0,0,NA,META5
LINC01571,64,rs3104783,0,0,NA,META5
LINC02180,64,rs3104783,0,0,NA,META5
LOC102723373,64,rs3104783,0,0,NA,META5
LOC105371267,64,rs3104783,0,0,NA,META5
LOC643802,64,rs3104783,0,0,NA,META5
RBL2,64,rs3104783,0,0,NA,META5
RPGRIP1L,64,rs3104783,0,0,NA,META5
TOX3,64,rs3104783,1,0,0,META5
AKTIP,65,rs10221156,0,0,NA,META5
C16orf97,65,rs10221156,0,0,NA,META5
CASC16,65,rs10221156,0,0,NA,META5
CASC22,65,rs10221156,0,0,NA,META5
CHD9,65,rs10221156,1,0,0,META5
FTO,65,rs10221156,0,0,NA,META5
LINC00919,65,rs10221156,0,0,NA,META5
LINC02180,65,rs10221156,0,0,NA,META5
LOC102723373,65,rs10221156,0,0,NA,META5
LOC105371267,65,rs10221156,0,0,NA,META5
LOC643802,65,rs10221156,0,0,NA,META5
RBL2,65,rs10221156,1,1,0,META5
RPGRIP1L,65,rs10221156,0,0,NA,META5
TOX3,65,rs10221156,0,0,NA,META5
ACADVL,66,rs12600861,0,0,NA,META5
ACAP1,66,rs12600861,0,0,NA,META5
ALOX12,66,rs12600861,0,0,NA,META5
ALOX12-AS1,66,rs12600861,0,0,NA,META5
ALOX12B,66,rs12600861,1,0,0,META5
ALOX12P2,66,rs12600861,0,0,NA,META5
ALOX15B,66,rs12600861,0,0,NA,META5
ALOX15P1,66,rs12600861,0,0,NA,META5
ALOXE3,66,rs12600861,0,0,NA,META5
ARHGEF15,66,rs12600861,0,0,NA,META5
ASGR1,66,rs12600861,1,0,0,META5
ASGR2,66,rs12600861,0,0,NA,META5
ATP1B2,66,rs12600861,1,1,0,META5
AURKB,66,rs12600861,1,0,0,META5
BCL6B,66,rs12600861,0,0,NA,META5
BORCS6,66,rs12600861,0,0,NA,META5
C17orf100,66,rs12600861,0,0,NA,META5
C17orf49,66,rs12600861,0,0,NA,META5
CD68,66,rs12600861,0,1,0,META5
CHD3,66,rs12600861,0,0,NA,META5
CHRNB1,66,rs12600861,1,1,1,META5
CLDN7,66,rs12600861,0,0,NA,META5
CLEC10A,66,rs12600861,0,0,NA,META5
CNTROB,66,rs12600861,0,0,NA,META5
CTC1,66,rs12600861,0,0,NA,META5
CTDNEP1,66,rs12600861,0,0,NA,META5
CYB5D1,66,rs12600861,0,0,NA,META5
DLG4,66,rs12600861,0,0,NA,META5
DNAH2,66,rs12600861,0,0,NA,META5
DVL2,66,rs12600861,0,0,NA,META5
EFNB3,66,rs12600861,1,0,0,META5
EIF4A1,66,rs12600861,0,0,NA,META5
EIF5A,66,rs12600861,0,0,NA,META5
ELP5,66,rs12600861,0,0,NA,META5
FBXO39,66,rs12600861,0,0,NA,META5
FGF11,66,rs12600861,1,0,1,META5
FXR2,66,rs12600861,0,0,NA,META5
GABARAP,66,rs12600861,0,0,NA,META5
GPS2,66,rs12600861,0,0,NA,META5
GUCY2D,66,rs12600861,0,0,NA,META5
HES7,66,rs12600861,0,0,NA,META5
KCNAB3,66,rs12600861,0,0,NA,META5
KCTD11,66,rs12600861,0,0,NA,META5
KDM6B,66,rs12600861,0,0,NA,META5
KIAA0753,66,rs12600861,0,0,NA,META5
KRBA2,66,rs12600861,0,0,NA,META5
LINC00324,66,rs12600861,0,0,NA,META5
LOC100128288,66,rs12600861,0,0,NA,META5
LOC100996842,66,rs12600861,0,0,NA,META5
MED31,66,rs12600861,1,0,0,META5
MIR195,66,rs12600861,0,0,NA,META5
MIR324,66,rs12600861,0,0,NA,META5
MIR4314,66,rs12600861,0,0,NA,META5
MIR4520-1,66,rs12600861,0,0,NA,META5
MIR4520-2,66,rs12600861,0,0,NA,META5
MIR4521,66,rs12600861,0,0,NA,META5
MIR497,66,rs12600861,0,0,NA,META5
MIR497HG,66,rs12600861,1,0,1,META5
MIR6883,66,rs12600861,0,0,NA,META5
MPDU1,66,rs12600861,0,1,0,META5
NAA38,66,rs12600861,0,0,NA,META5
NDEL1,66,rs12600861,0,0,NA,META5
NEURL4,66,rs12600861,0,0,NA,META5
NLGN2,66,rs12600861,1,0,1,META5
ODF4,66,rs12600861,0,0,NA,META5
PER1,66,rs12600861,0,0,NA,META5
PFAS,66,rs12600861,0,0,NA,META5
PHF23,66,rs12600861,0,0,NA,META5
PITPNM3,66,rs12600861,0,0,NA,META5
PLSCR3,66,rs12600861,0,0,NA,META5
POLR2A,66,rs12600861,0,1,1,META5
RANGRF,66,rs12600861,0,0,NA,META5
RNASEK,66,rs12600861,0,0,NA,META5
RNASEK-C17orf49,66,rs12600861,0,0,NA,META5
RNF222,66,rs12600861,0,0,NA,META5
RNF227,66,rs12600861,0,0,NA,META5
RPL26,66,rs12600861,0,0,NA,META5
RPL29P2,66,rs12600861,0,0,NA,META5
SAT2,66,rs12600861,0,0,NA,META5
SCARNA21,66,rs12600861,0,0,NA,META5
SENP3,66,rs12600861,1,1,0,META5
SENP3-EIF4A1,66,rs12600861,1,0,0,META5
SHBG,66,rs12600861,1,0,0,META5
SLC13A5,66,rs12600861,0,0,NA,META5
SLC16A11,66,rs12600861,0,0,NA,META5
SLC16A13,66,rs12600861,1,0,0,META5
SLC25A35,66,rs12600861,0,0,NA,META5
SLC2A4,66,rs12600861,0,0,NA,META5
SLC35G6,66,rs12600861,1,0,0,META5
SNORA48,66,rs12600861,0,0,NA,META5
SNORA67,66,rs12600861,0,0,NA,META5
SNORD10,66,rs12600861,0,0,NA,META5
SNORD118,66,rs12600861,0,0,NA,META5
SOX15,66,rs12600861,1,0,0,META5
SPEM1,66,rs12600861,0,0,NA,META5
SPEM2,66,rs12600861,0,0,NA,META5
SPEM3,66,rs12600861,0,0,NA,META5
TEKT1,66,rs12600861,0,0,NA,META5
TMEM102,66,rs12600861,0,0,NA,META5
TMEM107,66,rs12600861,0,0,NA,META5
TMEM256,66,rs12600861,0,0,NA,META5
TMEM256-PLSCR3,66,rs12600861,0,0,NA,META5
TMEM88,66,rs12600861,0,0,NA,META5
TMEM95,66,rs12600861,0,0,NA,META5
TNFSF12,66,rs12600861,1,1,1,META5
TNFSF12-TNFSF13,66,rs12600861,0,0,NA,META5
TNFSF13,66,rs12600861,0,1,1,META5
TNK1,66,rs12600861,0,0,NA,META5
TP53,66,rs12600861,0,0,NA,META5
TRAPPC1,66,rs12600861,0,0,NA,META5
TXNDC17,66,rs12600861,0,0,NA,META5
VAMP2,66,rs12600861,0,0,NA,META5
WRAP53,66,rs12600861,0,0,NA,META5
XAF1,66,rs12600861,0,0,NA,META5
YBX2,66,rs12600861,0,0,NA,META5
ZBTB4,66,rs12600861,1,1,1,META5
AARSD1,67,rs12951632,0,0,NA,META5
ACLY,67,rs12951632,0,0,NA,META5
AOC2,67,rs12951632,0,0,NA,META5
AOC3,67,rs12951632,0,0,NA,META5
AOC4P,67,rs12951632,0,0,NA,META5
ARL4D,67,rs12951632,0,0,NA,META5
ATP6V0A1,67,rs12951632,1,1,0,META5
BECN1,67,rs12951632,1,1,1,META5
BRCA1,67,rs12951632,0,0,NA,META5
C17orf113,67,rs12951632,0,0,NA,META5
CAVIN1,67,rs12951632,0,0,NA,META5
CCDC200,67,rs12951632,0,0,NA,META5
CCR10,67,rs12951632,0,0,NA,META5
CNP,67,rs12951632,0,0,NA,META5
CNTD1,67,rs12951632,0,0,NA,META5
CNTNAP1,67,rs12951632,1,1,0,META5
COA3,67,rs12951632,0,0,NA,META5
COASY,67,rs12951632,1,0,0,META5
DHX58,67,rs12951632,0,1,0,META5
DHX8,67,rs12951632,1,0,0,META5
DNAJC7,67,rs12951632,0,0,NA,META5
EIF1,67,rs12951632,0,0,NA,META5
ETV4,67,rs12951632,0,0,NA,META5
EZH1,67,rs12951632,1,0,0,META5
FKBP10,67,rs12951632,0,0,NA,META5
G6PC,67,rs12951632,0,0,NA,META5
GAST,67,rs12951632,0,0,NA,META5
GHDC,67,rs12951632,0,0,NA,META5
HAP1,67,rs12951632,0,0,NA,META5
HCRT,67,rs12951632,0,0,NA,META5
HSD17B1,67,rs12951632,1,1,1,META5
HSPB9,67,rs12951632,0,0,NA,META5
IFI35,67,rs12951632,0,0,NA,META5
JUP,67,rs12951632,0,1,0,META5
KAT2A,67,rs12951632,0,0,NA,META5
KCNH4,67,rs12951632,0,0,NA,META5
KLHL10,67,rs12951632,0,0,NA,META5
KLHL11,67,rs12951632,0,0,NA,META5
KRT14,67,rs12951632,0,0,NA,META5
KRT16,67,rs12951632,0,0,NA,META5
KRT17,67,rs12951632,0,0,NA,META5
KRT42P,67,rs12951632,0,0,NA,META5
LINC00671,67,rs12951632,0,0,NA,META5
LINC00910,67,rs12951632,0,0,NA,META5
LOC101929767,67,rs12951632,0,0,NA,META5
LOC108783654,67,rs12951632,0,0,NA,META5
MEOX1,67,rs12951632,0,0,NA,META5
MIR2117,67,rs12951632,0,0,NA,META5
MIR2117HG,67,rs12951632,0,0,NA,META5
MIR5010,67,rs12951632,0,0,NA,META5
MIR548AT,67,rs12951632,0,0,NA,META5
MIR6780A,67,rs12951632,0,0,NA,META5
MIR6781,67,rs12951632,0,0,NA,META5
MLX,67,rs12951632,0,1,1,META5
NAGLU,67,rs12951632,1,1,1,META5
NBR1,67,rs12951632,1,0,0,META5
NBR2,67,rs12951632,0,0,NA,META5
NKIRAS2,67,rs12951632,0,0,NA,META5
NT5C3B,67,rs12951632,0,1,0,META5
P3H4,67,rs12951632,0,0,NA,META5
PLEKHH3,67,rs12951632,0,0,NA,META5
PSMC3IP,67,rs12951632,1,1,0,META5
PSME3,67,rs12951632,1,0,0,META5
PTGES3L,67,rs12951632,0,0,NA,META5
PTGES3L-AARSD1,67,rs12951632,0,0,NA,META5
RAB5C,67,rs12951632,0,0,NA,META5
RAMP2,67,rs12951632,0,0,NA,META5
RAMP2-AS1,67,rs12951632,0,0,NA,META5
RETREG3,67,rs12951632,0,0,NA,META5
RND2,67,rs12951632,0,0,NA,META5
RPL27,67,rs12951632,0,0,NA,META5
RUNDC1,67,rs12951632,0,0,NA,META5
STAT3,67,rs12951632,0,1,0,META5
STAT5A,67,rs12951632,0,1,0,META5
STAT5B,67,rs12951632,0,0,NA,META5
TMEM106A,67,rs12951632,0,0,NA,META5
TTC25,67,rs12951632,0,0,NA,META5
TUBG1,67,rs12951632,1,0,0,META5
TUBG2,67,rs12951632,1,0,0,META5
VAT1,67,rs12951632,0,0,NA,META5
VPS25,67,rs12951632,0,0,NA,META5
WNK4,67,rs12951632,0,0,NA,META5
ZNF385C,67,rs12951632,0,0,NA,META5
ACBD4,68,rs2269906,0,0,NA,META5
ACBD4,68,rs850738,0,0,NA,META5
ADAM11,68,rs2269906,0,0,NA,META5
ADAM11,68,rs850738,0,0,NA,META5
ARL4D,68,rs2269906,0,0,NA,META5
ARL4D,68,rs850738,1,0,0,META5
ASB16,68,rs2269906,0,1,0,META5
ASB16,68,rs850738,0,0,NA,META5
ASB16-AS1,68,rs2269906,1,1,1,META5
ASB16-AS1,68,rs850738,0,1,1,META5
ATXN7L3,68,rs2269906,1,0,0,META5
ATXN7L3,68,rs850738,0,0,NA,META5
C17orf53,68,rs2269906,0,1,1,META5
C17orf53,68,rs850738,0,0,NA,META5
C1QL1,68,rs2269906,0,0,NA,META5
C1QL1,68,rs850738,0,0,NA,META5
CCDC103,68,rs2269906,0,0,NA,META5
CCDC103,68,rs850738,0,0,NA,META5
CCDC200,68,rs2269906,0,0,NA,META5
CCDC200,68,rs850738,0,0,NA,META5
CCDC43,68,rs2269906,1,0,0,META5
CCDC43,68,rs850738,0,0,NA,META5
CD300LG,68,rs2269906,1,0,0,META5
CD300LG,68,rs850738,0,0,NA,META5
CFAP97D1,68,rs2269906,0,0,NA,META5
CFAP97D1,68,rs850738,0,0,NA,META5
DBF4B,68,rs2269906,0,0,NA,META5
DBF4B,68,rs850738,0,0,NA,META5
DCAKD,68,rs2269906,0,0,NA,META5
DCAKD,68,rs850738,0,1,0,META5
DHX8,68,rs2269906,0,0,NA,META5
DHX8,68,rs850738,0,0,NA,META5
DUSP3,68,rs2269906,1,0,0,META5
DUSP3,68,rs850738,0,0,NA,META5
EFTUD2,68,rs2269906,1,0,1,META5
EFTUD2,68,rs850738,0,1,1,META5
ETV4,68,rs2269906,0,0,NA,META5
ETV4,68,rs850738,0,0,NA,META5
FAM171A2,68,rs2269906,0,0,NA,META5
FAM171A2,68,rs850738,0,0,NA,META5
FAM187A,68,rs2269906,0,0,NA,META5
FAM187A,68,rs850738,0,0,NA,META5
FAM215A,68,rs2269906,1,0,0,META5
FAM215A,68,rs850738,0,0,NA,META5
FMNL1,68,rs2269906,0,0,NA,META5
FMNL1,68,rs850738,0,0,NA,META5
FZD2,68,rs2269906,0,0,NA,META5
FZD2,68,rs850738,0,1,0,META5
G6PC3,68,rs2269906,0,1,0,META5
G6PC3,68,rs850738,0,0,NA,META5
GFAP,68,rs2269906,1,0,0,META5
GFAP,68,rs850738,1,0,0,META5
GJC1,68,rs2269906,0,0,NA,META5
GJC1,68,rs850738,0,0,NA,META5
GPATCH8,68,rs2269906,0,0,NA,META5
GPATCH8,68,rs850738,1,0,0,META5
GRN,68,rs2269906,0,0,NA,META5
GRN,68,rs850738,1,1,1,META5
HDAC5,68,rs2269906,1,0,1,META5
HDAC5,68,rs850738,0,0,NA,META5
HEXIM1,68,rs2269906,0,0,NA,META5
HEXIM1,68,rs850738,0,0,NA,META5
HEXIM2,68,rs2269906,0,0,NA,META5
HEXIM2,68,rs850738,0,1,0,META5
HIGD1B,68,rs2269906,1,0,0,META5
HIGD1B,68,rs850738,1,0,0,META5
ITGA2B,68,rs2269906,1,0,0,META5
ITGA2B,68,rs850738,0,0,NA,META5
KIF18B,68,rs2269906,1,0,0,META5
KIF18B,68,rs850738,0,0,NA,META5
LINC00910,68,rs2269906,1,0,0,META5
LINC00910,68,rs850738,1,0,0,META5
LINC01180,68,rs2269906,0,0,NA,META5
LINC01180,68,rs850738,0,0,NA,META5
LINC01976,68,rs2269906,0,0,NA,META5
LINC01976,68,rs850738,0,0,NA,META5
LOC101929767,68,rs2269906,0,0,NA,META5
LOC101929767,68,rs850738,0,0,NA,META5
LOC105371789,68,rs2269906,0,0,NA,META5
LOC105371789,68,rs850738,0,0,NA,META5
LOC105371795,68,rs2269906,0,0,NA,META5
LOC105371795,68,rs850738,0,0,NA,META5
LOC339192,68,rs2269906,0,0,NA,META5
LOC339192,68,rs850738,0,0,NA,META5
LSM12,68,rs2269906,0,0,NA,META5
LSM12,68,rs850738,0,0,NA,META5
MAP3K14,68,rs2269906,0,0,NA,META5
MAP3K14,68,rs850738,0,0,NA,META5
MAP3K14-AS1,68,rs2269906,0,0,NA,META5
MAP3K14-AS1,68,rs850738,0,0,NA,META5
MEIOC,68,rs2269906,0,0,NA,META5
MEIOC,68,rs850738,0,0,NA,META5
MEOX1,68,rs2269906,0,1,0,META5
MEOX1,68,rs850738,0,0,NA,META5
MIR2117,68,rs2269906,0,0,NA,META5
MIR2117,68,rs850738,0,0,NA,META5
MIR2117HG,68,rs2269906,0,0,NA,META5
MIR2117HG,68,rs850738,0,0,NA,META5
MIR6782,68,rs2269906,0,0,NA,META5
MIR6782,68,rs850738,0,0,NA,META5
MIR6783,68,rs2269906,0,0,NA,META5
MIR6783,68,rs850738,0,0,NA,META5
MIR6784,68,rs2269906,0,0,NA,META5
MIR6784,68,rs850738,0,0,NA,META5
MPP2,68,rs2269906,0,0,NA,META5
MPP2,68,rs850738,0,0,NA,META5
MPP3,68,rs2269906,1,0,1,META5
MPP3,68,rs850738,0,0,NA,META5
NAGS,68,rs2269906,0,0,NA,META5
NAGS,68,rs850738,0,0,NA,META5
NBR1,68,rs2269906,0,0,NA,META5
NBR1,68,rs850738,0,0,NA,META5
NBR2,68,rs2269906,0,0,NA,META5
NBR2,68,rs850738,0,0,NA,META5
NMT1,68,rs2269906,1,0,0,META5
NMT1,68,rs850738,0,0,NA,META5
PLCD3,68,rs2269906,1,0,1,META5
PLCD3,68,rs850738,1,0,1,META5
PPY,68,rs2269906,0,0,NA,META5
PPY,68,rs850738,0,0,NA,META5
PYY,68,rs2269906,0,0,NA,META5
PYY,68,rs850738,0,0,NA,META5
RUNDC3A,68,rs2269906,1,0,0,META5
RUNDC3A,68,rs850738,0,0,NA,META5
RUNDC3A-AS1,68,rs2269906,0,0,NA,META5
RUNDC3A-AS1,68,rs850738,0,0,NA,META5
SLC25A39,68,rs2269906,1,1,1,META5
SLC25A39,68,rs850738,1,0,0,META5
SLC4A1,68,rs2269906,0,1,1,META5
SLC4A1,68,rs850738,1,0,0,META5
SOST,68,rs2269906,0,0,NA,META5
SOST,68,rs850738,0,0,NA,META5
SPATA32,68,rs2269906,0,0,NA,META5
SPATA32,68,rs850738,0,0,NA,META5
TMEM101,68,rs2269906,1,1,0,META5
TMEM101,68,rs850738,0,0,NA,META5
TMEM106A,68,rs2269906,0,0,NA,META5
TMEM106A,68,rs850738,0,0,NA,META5
TMUB2,68,rs2269906,1,1,0,META5
TMUB2,68,rs850738,0,0,NA,META5
UBTF,68,rs2269906,1,1,1,META5
UBTF,68,rs850738,0,0,NA,META5
ACBD4,69,rs62053943,0,0,NA,META5
ACBD4,69,rs117615688,0,0,NA,META5
ADAM11,69,rs62053943,0,0,NA,META5
ADAM11,69,rs117615688,0,0,NA,META5
ARHGAP27,69,rs62053943,0,0,NA,META5
ARHGAP27,69,rs117615688,0,1,0,META5
ARL17A,69,rs62053943,0,0,NA,META5
ARL17A,69,rs117615688,0,1,1,META5
ARL17B,69,rs62053943,0,0,NA,META5
ARL17B,69,rs117615688,0,0,NA,META5
C1QL1,69,rs62053943,0,0,NA,META5
C1QL1,69,rs117615688,0,0,NA,META5
CCDC103,69,rs62053943,0,0,NA,META5
CCDC103,69,rs117615688,0,0,NA,META5
CCDC43,69,rs62053943,0,0,NA,META5
CCDC43,69,rs117615688,0,0,NA,META5
CRHR1,69,rs62053943,0,0,NA,META5
CRHR1,69,rs117615688,0,0,NA,META5
DBF4B,69,rs62053943,0,0,NA,META5
DBF4B,69,rs117615688,0,0,NA,META5
DCAKD,69,rs62053943,0,0,NA,META5
DCAKD,69,rs117615688,1,0,0,META5
EFTUD2,69,rs62053943,0,0,NA,META5
EFTUD2,69,rs117615688,0,0,NA,META5
FAM187A,69,rs62053943,0,0,NA,META5
FAM187A,69,rs117615688,0,0,NA,META5
FMNL1,69,rs62053943,0,0,NA,META5
FMNL1,69,rs117615688,1,0,0,META5
GFAP,69,rs62053943,0,0,NA,META5
GFAP,69,rs117615688,0,0,NA,META5
GJC1,69,rs62053943,0,0,NA,META5
GJC1,69,rs117615688,0,0,NA,META5
HEXIM1,69,rs62053943,0,0,NA,META5
HEXIM1,69,rs117615688,0,0,NA,META5
HEXIM2,69,rs62053943,0,0,NA,META5
HEXIM2,69,rs117615688,0,0,NA,META5
HIGD1B,69,rs62053943,0,0,NA,META5
HIGD1B,69,rs117615688,0,0,NA,META5
KANSL1,69,rs62053943,0,0,NA,META5
KANSL1,69,rs117615688,0,0,NA,META5
KANSL1-AS1,69,rs62053943,0,0,NA,META5
KANSL1-AS1,69,rs117615688,1,1,1,META5
KIF18B,69,rs62053943,0,0,NA,META5
KIF18B,69,rs117615688,0,0,NA,META5
LINC02210,69,rs62053943,0,0,NA,META5
LINC02210,69,rs117615688,0,0,NA,META5
LINC02210-CRHR1,69,rs62053943,0,0,NA,META5
LINC02210-CRHR1,69,rs117615688,0,0,NA,META5
LOC105371795,69,rs62053943,0,0,NA,META5
LOC105371795,69,rs117615688,0,0,NA,META5
LOC339192,69,rs62053943,0,0,NA,META5
LOC339192,69,rs117615688,0,0,NA,META5
LRRC37A,69,rs62053943,0,0,NA,META5
LRRC37A,69,rs117615688,1,0,1,META5
LRRC37A2,69,rs62053943,0,0,NA,META5
LRRC37A2,69,rs117615688,1,1,1,META5
LRRC37A4P,69,rs62053943,0,0,NA,META5
LRRC37A4P,69,rs117615688,1,1,1,META5
MAP3K14,69,rs62053943,0,0,NA,META5
MAP3K14,69,rs117615688,0,0,NA,META5
MAP3K14-AS1,69,rs62053943,0,0,NA,META5
MAP3K14-AS1,69,rs117615688,0,0,NA,META5
MAPK8IP1P2,69,rs62053943,0,0,NA,META5
MAPK8IP1P2,69,rs117615688,0,0,NA,META5
MAPT,69,rs62053943,0,0,NA,META5
MAPT,69,rs117615688,1,0,1,META5
MAPT-AS1,69,rs62053943,0,0,NA,META5
MAPT-AS1,69,rs117615688,1,0,1,META5
MAPT-IT1,69,rs62053943,0,0,NA,META5
MAPT-IT1,69,rs117615688,0,0,NA,META5
MEIOC,69,rs62053943,0,0,NA,META5
MEIOC,69,rs117615688,0,0,NA,META5
MIR4315-1,69,rs62053943,0,0,NA,META5
MIR4315-1,69,rs117615688,0,0,NA,META5
MIR4315-2,69,rs62053943,0,0,NA,META5
MIR4315-2,69,rs117615688,0,0,NA,META5
MIR6783,69,rs62053943,0,0,NA,META5
MIR6783,69,rs117615688,0,0,NA,META5
MIR6784,69,rs62053943,0,0,NA,META5
MIR6784,69,rs117615688,0,0,NA,META5
NMT1,69,rs62053943,0,0,NA,META5
NMT1,69,rs117615688,0,0,NA,META5
NSF,69,rs62053943,0,0,NA,META5
NSF,69,rs117615688,0,1,1,META5
NSFP1,69,rs62053943,0,0,NA,META5
NSFP1,69,rs117615688,0,1,0,META5
PLCD3,69,rs62053943,0,0,NA,META5
PLCD3,69,rs117615688,0,0,NA,META5
PLEKHM1,69,rs62053943,0,0,NA,META5
PLEKHM1,69,rs117615688,0,1,1,META5
SPATA32,69,rs62053943,0,0,NA,META5
SPATA32,69,rs117615688,0,0,NA,META5
SPPL2C,69,rs62053943,0,0,NA,META5
SPPL2C,69,rs117615688,1,0,1,META5
STH,69,rs62053943,0,0,NA,META5
STH,69,rs117615688,0,0,NA,META5
GEN1,7,rs76116224,0,0,NA,META5
KCNS3,7,rs76116224,0,0,NA,META5
MSGN1,7,rs76116224,0,0,NA,META5
NT5C1B,7,rs76116224,0,0,NA,META5
NT5C1B-RDH14,7,rs76116224,0,0,NA,META5
RAD51AP2,7,rs76116224,0,0,NA,META5
RDH14,7,rs76116224,0,0,NA,META5
SMC6,7,rs76116224,0,0,NA,META5
VSNL1,7,rs76116224,0,0,NA,META5
ARL17A,70,rs11658976,0,1,1,META5
ARL17B,70,rs11658976,0,0,NA,META5
CDC27,70,rs11658976,1,0,0,META5
CRHR1,70,rs11658976,0,0,NA,META5
EFCAB13,70,rs11658976,0,0,NA,META5
GOSR2,70,rs11658976,0,0,NA,META5
ITGB3,70,rs11658976,0,0,NA,META5
KANSL1,70,rs11658976,1,0,0,META5
KANSL1-AS1,70,rs11658976,1,1,1,META5
KPNB1,70,rs11658976,0,0,NA,META5
LINC02210-CRHR1,70,rs11658976,0,0,NA,META5
LRRC37A,70,rs11658976,1,1,1,META5
LRRC37A2,70,rs11658976,1,0,1,META5
MAPT,70,rs11658976,0,0,NA,META5
MAPT-AS1,70,rs11658976,0,0,NA,META5
MAPT-IT1,70,rs11658976,0,0,NA,META5
MIR5089,70,rs11658976,0,0,NA,META5
MRPL45P2,70,rs11658976,0,0,NA,META5
MYL4,70,rs11658976,0,0,NA,META5
NPEPPS,70,rs11658976,0,0,NA,META5
NSF,70,rs11658976,0,1,1,META5
NSFP1,70,rs11658976,1,1,0,META5
RPRML,70,rs11658976,0,0,NA,META5
SPPL2C,70,rs11658976,0,0,NA,META5
STH,70,rs11658976,1,0,0,META5
TBKBP1,70,rs11658976,0,0,NA,META5
TBX21,70,rs11658976,0,0,NA,META5
THCAT158,70,rs11658976,0,0,NA,META5
WNT3,70,rs11658976,1,0,0,META5
WNT9B,70,rs11658976,0,0,NA,META5
BCAS3,71,rs61169879,0,0,NA,META5
BRIP1,71,rs61169879,1,1,1,META5
C17orf82,71,rs61169879,0,0,NA,META5
EFCAB3,71,rs61169879,0,0,NA,META5
INTS2,71,rs61169879,0,0,NA,META5
LOC101927855,71,rs61169879,0,0,NA,META5
LOC101927877,71,rs61169879,0,0,NA,META5
LOC105371855,71,rs61169879,0,0,NA,META5
10-Mar,71,rs61169879,1,0,0,META5
MED13,71,rs61169879,1,1,0,META5
METTL2A,71,rs61169879,0,0,NA,META5
MRC2,71,rs61169879,1,0,0,META5
NACA2,71,rs61169879,1,0,0,META5
TBC1D3P2,71,rs61169879,0,0,NA,META5
TBX2,71,rs61169879,1,0,0,META5
TBX2-AS1,71,rs61169879,0,0,NA,META5
TBX4,71,rs61169879,0,0,NA,META5
TLK2,71,rs61169879,1,0,0,META5
AFMID,72,rs666463,0,0,NA,META5
BIRC5,72,rs666463,0,0,NA,META5
C17orf99,72,rs666463,0,0,NA,META5
C1QTNF1,72,rs666463,0,0,NA,META5
C1QTNF1-AS1,72,rs666463,0,0,NA,META5
CANT1,72,rs666463,0,0,NA,META5
CEP295NL,72,rs666463,0,0,NA,META5
CYTH1,72,rs666463,0,0,NA,META5
DNAH17,72,rs666463,0,1,1,META5
DNAH17-AS1,72,rs666463,0,0,NA,META5
ENGASE,72,rs666463,0,0,NA,META5
LGALS3BP,72,rs666463,0,0,NA,META5
LINC01973,72,rs666463,0,0,NA,META5
LINC01987,72,rs666463,0,0,NA,META5
LINC01993,72,rs666463,0,0,NA,META5
LOC100507351,72,rs666463,0,0,NA,META5
LOC101928674,72,rs666463,0,0,NA,META5
LOC400622,72,rs666463,0,0,NA,META5
PGS1,72,rs666463,1,1,1,META5
RBFOX3,72,rs666463,0,0,NA,META5
SCAT1,72,rs666463,0,0,NA,META5
SEPTIN9,72,rs666463,0,0,NA,META5
SOCS3,72,rs666463,1,0,0,META5
SYNGR2,72,rs666463,0,0,NA,META5
TIMP2,72,rs666463,0,0,NA,META5
TK1,72,rs666463,1,0,0,META5
TMC6,72,rs666463,1,0,0,META5
TMC8,72,rs666463,0,0,NA,META5
TMEM235,72,rs666463,0,0,NA,META5
TNRC6C,72,rs666463,1,0,0,META5
TNRC6C-AS1,72,rs666463,0,0,NA,META5
USP36,72,rs666463,0,0,NA,META5
ASXL3,73,rs1941685,1,0,0,META5
CCDC178,73,rs1941685,0,0,NA,META5
DTNA,73,rs1941685,0,0,NA,META5
KLHL14,73,rs1941685,0,0,NA,META5
NOL4,73,rs1941685,0,0,NA,META5
LINC00907,74,rs12456492,0,0,NA,META5
RIT2,74,rs12456492,0,0,NA,META5
SYT4,74,rs12456492,0,0,NA,META5
CFAP53,75,rs8087969,0,0,NA,META5
CXXC1,75,rs8087969,0,0,NA,META5
ELAC1,75,rs8087969,1,0,0,META5
LINC01630,75,rs8087969,0,0,NA,META5
MAPK4,75,rs8087969,0,0,NA,META5
MBD1,75,rs8087969,0,0,NA,META5
ME2,75,rs8087969,0,1,1,META5
MEX3C,75,rs8087969,1,1,1,META5
MRO,75,rs8087969,1,0,0,META5
MYO5B,75,rs8087969,0,0,NA,META5
SKA1,75,rs8087969,0,0,NA,META5
SMAD4,75,rs8087969,1,1,0,META5
ABHD17A,76,rs55818311,0,0,NA,META5
ADAMTSL5,76,rs55818311,0,0,NA,META5
ADAT3,76,rs55818311,0,0,NA,META5
AMH,76,rs55818311,0,0,NA,META5
AP3D1,76,rs55818311,0,0,NA,META5
APC2,76,rs55818311,0,0,NA,META5
ATP8B3,76,rs55818311,0,0,NA,META5
BTBD2,76,rs55818311,0,0,NA,META5
C19orf25,76,rs55818311,0,0,NA,META5
CELF5,76,rs55818311,0,0,NA,META5
CSNK1G2,76,rs55818311,0,0,NA,META5
CSNK1G2-AS1,76,rs55818311,0,0,NA,META5
DAZAP1,76,rs55818311,0,0,NA,META5
DIRAS1,76,rs55818311,0,0,NA,META5
DOT1L,76,rs55818311,0,0,NA,META5
GADD45B,76,rs55818311,0,0,NA,META5
GAMT,76,rs55818311,0,0,NA,META5
GNA11,76,rs55818311,0,0,NA,META5
GNA15,76,rs55818311,0,0,NA,META5
GNG7,76,rs55818311,0,0,NA,META5
IZUMO4,76,rs55818311,0,0,NA,META5
JSRP1,76,rs55818311,0,0,NA,META5
KLF16,76,rs55818311,0,0,NA,META5
LINC01775,76,rs55818311,0,0,NA,META5
LINGO3,76,rs55818311,0,0,NA,META5
LMNB2,76,rs55818311,0,0,NA,META5
LOC100288123,76,rs55818311,0,0,NA,META5
LOC100996351,76,rs55818311,0,0,NA,META5
LSM7,76,rs55818311,1,1,1,META5
MBD3,76,rs55818311,0,0,NA,META5
MEX3D,76,rs55818311,0,0,NA,META5
MIR1227,76,rs55818311,0,0,NA,META5
MIR1909,76,rs55818311,0,0,NA,META5
MIR4321,76,rs55818311,0,0,NA,META5
MIR6789,76,rs55818311,0,0,NA,META5
MIR7108,76,rs55818311,0,0,NA,META5
MIR7850,76,rs55818311,0,0,NA,META5
MKNK2,76,rs55818311,0,0,NA,META5
MOB3A,76,rs55818311,0,0,NA,META5
NCLN,76,rs55818311,0,0,NA,META5
NDUFS7,76,rs55818311,0,0,NA,META5
OAZ1,76,rs55818311,0,0,NA,META5
ONECUT3,76,rs55818311,0,0,NA,META5
PCSK4,76,rs55818311,0,0,NA,META5
PEAK3,76,rs55818311,0,0,NA,META5
PLEKHJ1,76,rs55818311,0,0,NA,META5
PLK5,76,rs55818311,0,0,NA,META5
PWWP3A,76,rs55818311,0,0,NA,META5
REEP6,76,rs55818311,0,0,NA,META5
REXO1,76,rs55818311,0,0,NA,META5
RPS15,76,rs55818311,0,0,NA,META5
S1PR4,76,rs55818311,0,0,NA,META5
SCAMP4,76,rs55818311,0,0,NA,META5
SF3A2,76,rs55818311,0,0,NA,META5
SGTA,76,rs55818311,0,0,NA,META5
SLC39A3,76,rs55818311,0,0,NA,META5
SPPL2B,76,rs55818311,1,0,1,META5
TCF3,76,rs55818311,0,0,NA,META5
THOP1,76,rs55818311,0,0,NA,META5
TIMM13,76,rs55818311,1,0,0,META5
TLE2,76,rs55818311,0,0,NA,META5
TLE5,76,rs55818311,0,0,NA,META5
TLE6,76,rs55818311,0,0,NA,META5
TMPRSS9,76,rs55818311,0,1,0,META5
UQCR11,76,rs55818311,0,0,NA,META5
ZNF554,76,rs55818311,0,0,NA,META5
ZNF555,76,rs55818311,0,0,NA,META5
ZNF556,76,rs55818311,0,0,NA,META5
ZNF57,76,rs55818311,0,0,NA,META5
ZNF77,76,rs55818311,0,0,NA,META5
BMP2,77,rs77351827,0,0,NA,META5
CASC20,77,rs77351827,0,0,NA,META5
CDS2,77,rs77351827,0,0,NA,META5
CHGB,77,rs77351827,0,0,NA,META5
CRLS1,77,rs77351827,0,1,0,META5
FERMT1,77,rs77351827,0,0,NA,META5
GPCPD1,77,rs77351827,0,0,NA,META5
LINC00654,77,rs77351827,0,0,NA,META5
LINC00658,77,rs77351827,0,0,NA,META5
LINC01713,77,rs77351827,0,0,NA,META5
LINC01729,77,rs77351827,0,0,NA,META5
LOC643406,77,rs77351827,0,0,NA,META5
LRRN4,77,rs77351827,0,0,NA,META5
MCM8,77,rs77351827,1,1,0,META5
MCM8-AS1,77,rs77351827,0,0,NA,META5
PCNA,77,rs77351827,0,0,NA,META5
PCNA-AS1,77,rs77351827,0,0,NA,META5
PROKR2,77,rs77351827,0,0,NA,META5
SHLD1,77,rs77351827,0,0,NA,META5
TMEM230,77,rs77351827,0,0,NA,META5
TRMT6,77,rs77351827,0,0,NA,META5
CLDN14,78,rs2248244,0,0,NA,META5
DSCR10,78,rs2248244,0,0,NA,META5
DSCR4,78,rs2248244,0,0,NA,META5
DSCR8,78,rs2248244,0,0,NA,META5
DSCR9,78,rs2248244,0,0,NA,META5
DYRK1A,78,rs2248244,1,1,1,META5
ERG,78,rs2248244,1,0,0,META5
HLCS,78,rs2248244,0,0,NA,META5
KCNJ15,78,rs2248244,0,0,NA,META5
KCNJ6,78,rs2248244,0,0,NA,META5
LINC01423,78,rs2248244,0,0,NA,META5
LOC105372795,78,rs2248244,0,0,NA,META5
PIGP,78,rs2248244,1,1,0,META5
RIPPLY3,78,rs2248244,0,0,NA,META5
SIM2,78,rs2248244,1,0,0,META5
TTC3,78,rs2248244,0,1,0,META5
TTC3-AS1,78,rs2248244,0,0,NA,META5
VPS26C,78,rs2248244,0,0,NA,META5
ADRA2B,8,rs2042477,0,0,NA,META5
ANKRD20A8P,8,rs2042477,0,0,NA,META5
ANKRD36C,8,rs2042477,1,0,0,META5
ASTL,8,rs2042477,0,0,NA,META5
CIAO1,8,rs2042477,1,0,0,META5
DUSP2,8,rs2042477,1,0,0,META5
FAHD2A,8,rs2042477,0,0,NA,META5
FAHD2CP,8,rs2042477,0,0,NA,META5
FAM95A,8,rs2042477,0,0,NA,META5
GPAT2,8,rs2042477,1,0,0,META5
ITPRIPL1,8,rs2042477,0,0,NA,META5
KCNIP3,8,rs2042477,1,0,1,META5
LINC00342,8,rs2042477,1,0,0,META5
LOC442028,8,rs2042477,0,0,NA,META5
MAL,8,rs2042477,0,1,1,META5
MRPS5,8,rs2042477,1,0,0,META5
PROM2,8,rs2042477,1,1,1,META5
SNORA112,8,rs2042477,0,0,NA,META5
SNRNP200,8,rs2042477,0,0,NA,META5
STARD7,8,rs2042477,1,0,0,META5
STARD7-AS1,8,rs2042477,0,0,NA,META5
TEKT4,8,rs2042477,0,0,NA,META5
TMEM127,8,rs2042477,1,1,0,META5
TRIM43,8,rs2042477,0,0,NA,META5
TRIM43B,8,rs2042477,0,0,NA,META5
ZNF2,8,rs2042477,0,0,NA,META5
ZNF514,8,rs2042477,1,1,1,META5
CNOT11,9,rs11683001,0,0,NA,META5
CREG2,9,rs11683001,0,0,NA,META5
IL18R1,9,rs11683001,0,1,0,META5
IL18RAP,9,rs11683001,0,1,0,META5
IL1R1,9,rs11683001,0,1,0,META5
IL1R2,9,rs11683001,0,1,1,META5
IL1RL1,9,rs11683001,0,0,NA,META5
IL1RL2,9,rs11683001,0,0,NA,META5
LINC01127,9,rs11683001,0,0,NA,META5
LOC101927142,9,rs11683001,0,0,NA,META5
MAP4K4,9,rs11683001,1,1,1,META5
MFSD9,9,rs11683001,0,0,NA,META5
MIR4772,9,rs11683001,0,0,NA,META5
MIR5696,9,rs11683001,0,0,NA,META5
NPAS2,9,rs11683001,0,0,NA,META5
RFX8,9,rs11683001,0,0,NA,META5
RNF149,9,rs11683001,0,0,NA,META5
RPL31,9,rs11683001,0,0,NA,META5
SLC9A2,9,rs11683001,0,0,NA,META5
SLC9A4,9,rs11683001,0,0,NA,META5
SNORD89,9,rs11683001,0,1,0,META5
TBC1D8,9,rs11683001,0,0,NA,META5
TBC1D8-AS1,9,rs11683001,0,0,NA,META5
TMEM182,9,rs11683001,0,0,NA,META5
ADRA2A,1,rs61863020,1,0,0,META5
BBIP1,1,rs61863020,0,0,NA,META5
DUSP5,1,rs61863020,0,0,NA,META5
GPAM,1,rs61863020,0,0,NA,META5
HEAT2,1,rs61863020,0,0,NA,META5
MIR4680,1,rs61863020,0,0,NA,META5
MIR548E,1,rs61863020,0,0,NA,META5
MXI1,1,rs61863020,0,0,NA,META5
PDCD4,1,rs61863020,0,0,NA,META5
PDCD4-AS1,1,rs61863020,0,0,NA,META5
RBM20,1,rs61863020,0,0,NA,META5
RPL13AP6,1,rs61863020,0,0,NA,META5
SHOC2,1,rs61863020,0,0,NA,META5
SMC3,1,rs61863020,0,0,NA,META5
SMNDC1,1,rs61863020,0,0,NA,META5
ABCA1,2,rs382940,1,0,0,META5
FKTN,2,rs382940,0,0,NA,META5
FSD1L,2,rs382940,0,0,NA,META5
NIPSNAP3A,2,rs382940,0,0,NA,META5
NIPSNAP3B,2,rs382940,0,0,NA,META5
OR13C2,2,rs382940,0,0,NA,META5
OR13C3,2,rs382940,0,0,NA,META5
OR13C4,2,rs382940,0,0,NA,META5
OR13C5,2,rs382940,1,0,1,META5
OR13C8,2,rs382940,0,0,NA,META5
OR13C9,2,rs382940,0,0,NA,META5
OR13D1,2,rs382940,0,0,NA,META5
OR13F1,2,rs382940,0,0,NA,META5
RALGAPA1P1,2,rs382940,0,0,NA,META5
SLC44A1,2,rs382940,0,0,NA,META5
TAL2,2,rs382940,0,0,NA,META5
TMEM38B,2,rs382940,0,0,NA,META5